manager_id,land_type,initial_activity,tenure,tenure_secure,labour_units,area_ha,is_community_group,awareness0,asset_index
LM01,FARMLAND,MAIZE_INT,none,False,5.0,0.05,False,0.8208333333333333,0.451298120364091
LM02,PRODUCTION_FOREST,NATIVE_MIX,red,True,3.0,1.5,False,0.3541666666666666,0.3969587361970241
LM03,FARMLAND,ORCHARD,red/dn,True,2.0,3.0,False,0.5291666666666666,0.4460007178490178
LM04,PROTECTION_FOREST,PROTECT_STRICT,red,True,4.0,1.5,False,0.6208333333333333,0.6636254028636908
LM05,FARMLAND,MAIZE_LOW,rental,False,2.0,2.0,False,0.8208333333333333,0.0863856931502072
LM06,FARMLAND,MAIZE_INT,red,True,3.0,0.05,False,0.7092741935483872,0.6179647870307576
LM07,FARMLAND,ORCHARD,none,False,3.0,0.08,False,0.5041666666666665,0.368906325290384
LM08,FARMLAND,MAIZE_INT,red,True,2.0,0.1,False,0.5875,0.3528529308377034
LM09,PROTECTION_FOREST,PROTECT_USE,community,True,4.0,350.0,True,0.6208333333333333,0.6288822986780122
LM10,PROTECTION_FOREST,PROTECT_USE,community,True,4.0,350.0,True,0.5875,0.6288822986780122
LM11,PRODUCTION_FOREST,NATIVE_MIX,none,False,4.0,0.3,False,0.7375,0.2917696122621583
LM12,PRODUCTION_FOREST,NATIVE_MIX,none,False,4.0,0.3,False,0.3162037037037036,0.2417696122621583
LM13,PROTECTION_FOREST,PROTECT_USE,community,True,3.0,350.0,True,0.5041666666666665,0.6122156320113454
LM14,FARMLAND,MAIZE_INT,none,False,3.0,0.5,False,0.1791666666666666,0.1798857189337792
LM15,PRODUCTION_FOREST,NATIVE_MIX,green,True,2.0,1.0,False,0.5291666666666666,0.2728340769659232
LM16,PRODUCTION_FOREST,NATIVE_MIX,rental,False,2.0,5.7,False,0.7958333333333333,0.2632404307092677
LM17,PRODUCTION_FOREST,ACACIA,green,True,4.0,15.0,False,0.6791666666666666,0.5256673329485403
LM18,PRODUCTION_FOREST,ACACIA,rental,False,2.0,0.67,False,0.5291666666666666,0.0668072313861028
LM19,FARMLAND,ORCHARD,working contract,False,2.0,7.4,False,0.7958333333333333,0.4207980430133748
LM20,PRODUCTION_FOREST,NATIVE_MIX,green,True,3.0,0.2,False,0.7958333333333333,0.3224277263693449
LM21,PROTECTION_FOREST,PROTECT_USE,red,True,3.0,200.0,False,0.5875,0.5435832696570311
LM22,PROTECTION_FOREST,PROTECT_STRICT,red,True,4.0,0.4,False,0.6847222222222222,0.694246478396235
LM23,PRODUCTION_FOREST,NATIVE_MIX,red,True,4.0,55.0,False,0.8541666666666666,0.5675376753761422
LM24,PRODUCTION_FOREST,NATIVE_MIX,red,True,4.0,0.15,False,0.5249999999999999,0.587671948667751
LM25,PRODUCTION_FOREST,NATIVE_MIX,red,True,4.0,0.04,False,0.5875,0.634311619697724
LM26,PRODUCTION_FOREST,NATIVE_MIX,none,False,4.0,0.05,False,0.7375,0.4346314536974243
LM27,PROTECTION_FOREST,PROTECT_STRICT,community,True,2.0,400.0,False,0.8541666666666666,0.55
LM28,PRODUCTION_FOREST,NATIVE_MIX,red,True,2.0,0.3,False,0.4708333333333333,0.3084362789288249
LM29,PRODUCTION_FOREST,NATIVE_MIX,red,True,4.0,1.0,False,0.7375,0.4561674102992565
LM30,PRODUCTION_FOREST,NATIVE_MIX,red,True,4.0,0.1,False,0.6208333333333333,0.5861862641710368
LM31,PRODUCTION_FOREST,NATIVE_MIX,none,False,2.0,0.3,False,0.5573275862068965,0.1084362789288249
LM32,FARMLAND,MAIZE_LOW,none,False,2.0,0.02,False,0.6208333333333333,0.1503292873721056
LM33,PROTECTION_FOREST,PROTECT_USE,community,True,5.0,400.0,False,0.4458333333333333,0.9
LM34,FARMLAND,MAIZE_LOW,no (claimed red),False,2.0,0.02,False,0.9708333333333332,0.0503292873721056
LM35,PRODUCTION_FOREST,REGEN,none,False,3.0,0.2,False,0.7958333333333333,0.2724277263693449
LM36,FARMLAND,MAIZE_LOW,none,False,4.0,1.0,False,0.7958333333333333,0.5561674102992565
LM37,PROTECTION_FOREST,PROTECT_USE,community,True,2.0,300.0,False,0.5625,0.4904127463023019
LM38,FARMLAND,MAIZE_LOW,none,False,5.0,0.2,False,0.5625,0.5057610597026783
LM39,FARMLAND,ORCHARD,red,True,2.0,0.25,False,0.5041666666666665,0.4571254286472629
LM40,FARMLAND,MAIZE_LOW,none,False,4.0,0.01,False,0.5291666666666666,0.1333333333333333
LM41,PROTECTION_FOREST,PROTECT_USE,community,True,2.0,360.0,False,0.8541666666666666,0.7464878584855577
