plot,land_use,species,pfg
1,Perrenial cropland,Argyreia atropurpurea,WOODY
1,Perrenial cropland,Bidens pilosa,FORB_FERN
1,Perrenial cropland,Chromolaena odorata,WOODY
1,Perrenial cropland,Desmodium gagenticum,WOODY
1,Perrenial cropland,Digitaria bicornis,ANNUAL
1,Perrenial cropland,Dimeria sinensis,ANNUAL
1,Perrenial cropland,Mimosa pudica,WOODY
1,Perrenial cropland,Oplismenus compositus,GRASS
1,Perrenial cropland,Pouzolzia zeylanica,FORB_FERN
1,Perrenial cropland,Vitis balansana,WOODY
2,Perrenial cropland,Commelina diffusa,ANNUAL
2,Perrenial cropland,Amphicarpaea bracteata,ANNUAL
2,Perrenial cropland,Bidens pilosa,FORB_FERN
2,Perrenial cropland,Chromolaena odorata,WOODY
2,Perrenial cropland,Argyreia atropurpurea-wall,WOODY
2,Perrenial cropland,Digitaria bicornis,ANNUAL
2,Perrenial cropland,Desmodium triflorum,WOODY
2,Perrenial cropland,Euphorbia hirta,ANNUAL
2,Perrenial cropland,Mimosa pudica,WOODY
2,Perrenial cropland,Phyllanthus vigrandus,WOODY
2,Perrenial cropland,Saccharum spontaneum,GRASS
2,Perrenial cropland,Streblus asper,TREE
2,Perrenial cropland,Chysopogon orientalis,GRASS
3,Production forest,Strobilanthes pateriformis,WOODY
3,Production forest,Streptocaulon Juventas,WOODY
3,Production forest,Phyllanthus acidus,TREE
3,Production forest,Oplismenus compositus,GRASS
3,Production forest,Hedyotis hispida,FORB_FERN
3,Production forest,Desmodium gagenticum,WOODY
3,Production forest,Chromolaena odorata,WOODY
3,Production forest,Urena lobata,ANNUAL
3,Production forest,Dimeria sinensis,ANNUAL
3,Production forest,Dimocarpus longan,TREE
3,Production forest,Elephantopus scaber ,FORB_FERN
4,Production forest,Acacia auriculiformis,TREE
4,Production forest,Axonopus compressus,GRASS
4,Production forest,Chromolaena odorata,WOODY
4,Production forest,Cyathula prostata,FORB_FERN
4,Production forest,Dicliptera javanica,FORB_FERN
4,Production forest,Dimeria sinensis,ANNUAL
4,Production forest,Dimocarpus longan,TREE
4,Production forest,Lygodium digitatum,FORB_FERN
4,Production forest,Oplismenus compositus,GRASS
4,Production forest,Streptocaulon Juventas,WOODY
4,Production forest,Urena lobata,ANNUAL
7,Perrenial cropland,Phyllanthus tenellus,ANNUAL
7,Perrenial cropland,phyllanthus tenellus,ANNUAL
7,Perrenial cropland,Trifolium repens,FORB_FERN
7,Perrenial cropland,Mimosa pudica,WOODY
7,Perrenial cropland,Amaranthus viridis,ANNUAL
7,Perrenial cropland,Commelina diffusa,ANNUAL
7,Perrenial cropland,Commelina benghalensis,ANNUAL
7,Perrenial cropland,Dimeria sinensis,ANNUAL
8,Protection forest,Isachne eberhardtii,ANNUAL
8,Protection forest,Phyllanthus amarus,ANNUAL
8,Protection forest,Mallotus barbatus,TREE
8,Protection forest,Michelia tonkinensis,TREE
8,Protection forest,Mucuna cochinchinensis,ANNUAL
8,Protection forest,Oplismenus compositus,GRASS
8,Protection forest,Richardia scabra,ANNUAL
8,Protection forest,Selaginella doederleinii,FORB_FERN
8,Protection forest,Streblus asper,TREE
8,Protection forest,Streptocaulon Juventas,WOODY
8,Protection forest,Urena lobata,ANNUAL
8,Protection forest,Zanthoxyllum nitidum,WOODY
8,Protection forest,Ziziphus jujuba,WOODY
8,Protection forest,callicarpa longifolia,WOODY
8,Protection forest,Ipomoea obscura,WOODY
8,Protection forest,Stephania rotunda,WOODY
8,Protection forest,Indigofera zollingeriana,WOODY
8,Protection forest,Hedyotis hispida,FORB_FERN
8,Protection forest,Amorphophallus tonkinensis,FORB_FERN
8,Protection forest,Axonopus compressus,GRASS
8,Protection forest,Bambusa bambos,TREE
8,Protection forest,Callicarpa macrophylla,WOODY
8,Protection forest,Camellia sinensis,WOODY
8,Protection forest,Gynostemma pentaphyllum,ANNUAL
8,Protection forest,Catunaregam spinosa,FORB_FERN
8,Protection forest,Ageratum conyzoides,ANNUAL
8,Protection forest,Chromolaena odorata,WOODY
8,Protection forest,Cyclea barbata,FORB_FERN
8,Protection forest,Cyperus rotundus,GRASS
8,Protection forest,Debregeasia squamata,WOODY
8,Protection forest,Digitaria longiflora,ANNUAL
8,Protection forest,Euodia lepta,TREE
8,Protection forest,Ficus hispida,WOODY
8,Protection forest,Costus tonkinensis,FORB_FERN
8,Protection forest,Achyranthes aspera,FORB_FERN
9,Perrenial cropland,Psidium guajava,TREE
9,Perrenial cropland,Selaginella doederleinii ,FORB_FERN
9,Perrenial cropland,Pteris ensiformis,FORB_FERN
9,Perrenial cropland,Piper sarmentosum,FORB_FERN
9,Perrenial cropland,Alangium barbatum,WOODY
9,Perrenial cropland,Justicia gendarussa,WOODY
9,Perrenial cropland,Ficus sagittata,WOODY
9,Perrenial cropland,Passiflora foetida,WOODY
10,Perrenial cropland,Oplismenus undulatifolius,GRASS
10,Perrenial cropland,Piper sarmentosum,FORB_FERN
10,Perrenial cropland,Pontederia crassipes,FORB_FERN
10,Perrenial cropland,Pteris semipinnata,FORB_FERN
10,Perrenial cropland,Selaginella doederleinii ,FORB_FERN
10,Perrenial cropland,Streblus asper,TREE
10,Perrenial cropland,Thelypteris balanceae,FORB_FERN
10,Perrenial cropland,Zanthoxyllum nitidum,WOODY
10,Perrenial cropland,Randia spinosa,WOODY
10,Perrenial cropland,Mimosa pudica,WOODY
10,Perrenial cropland,Urena Lobata,ANNUAL
10,Perrenial cropland,Isachne eberhardtii,ANNUAL
10,Perrenial cropland,Lygodium digitatum,FORB_FERN
10,Perrenial cropland,Citrus grandis,TREE
10,Perrenial cropland,Ctenitopsis colaniae,TREE
10,Perrenial cropland,Cyclosorus parasiticus,FORB_FERN
10,Perrenial cropland,Axonopus compressus,GRASS
10,Perrenial cropland,Desmodium gagenticum,WOODY
10,Perrenial cropland,Digitaria longiflora,ANNUAL
10,Perrenial cropland,Euphorbia hirta,ANNUAL
10,Perrenial cropland,Gynostemma pentaphyllum,ANNUAL
10,Perrenial cropland,Cynodon Dactylon,GRASS
11,Protection forest,Ziziphus oenopolia,WOODY
11,Protection forest,Phyllanthus urinaria,ANNUAL
11,Protection forest,Urena lobata,ANNUAL
11,Protection forest,Tabernaemontana cerifera,WOODY
11,Protection forest,Streblus asper,TREE
11,Protection forest,Selaginella kraussiana,FORB_FERN
11,Protection forest,Oplismenus compositus,GRASS
11,Protection forest,Lygodium venustrum ,FORB_FERN
11,Protection forest,Flemingia prostrata,WOODY
11,Protection forest,Desmodium gagenticum,WOODY
11,Protection forest,Costus spiralis,FORB_FERN
11,Protection forest,Chromolaena odorata,WOODY
11,Protection forest,Broussonetia papyrijera,TREE
12,Protection forest,Pteris semipinnata,FORB_FERN
12,Protection forest,Pronephrium simplex,FORB_FERN
12,Protection forest,Pouzolzia zeylanica,FORB_FERN
12,Protection forest,Mimosa pudica,WOODY
12,Protection forest,Randia spinosa,WOODY
12,Protection forest,Menispermaceae,WOODY
12,Protection forest,Melastoma normale,WOODY
12,Protection forest,Oplismenus compositus,GRASS
12,Protection forest,Rubus alceaefolius,WOODY
12,Protection forest,Stephania japonica,WOODY
12,Protection forest,Sida rhombifolia,FORB_FERN
12,Protection forest,Maesa balansae,WOODY
12,Protection forest,Stephania menispermaceae,WOODY
12,Protection forest,Stephania rotunda,WOODY
12,Protection forest,Streblus asper,TREE
12,Protection forest,Streptocaulon juventas,WOODY
12,Protection forest,Torenia violacea,ANNUAL
12,Protection forest,Urena lobata,ANNUAL
12,Protection forest,Wrightia pubescens,TREE
12,Protection forest,Zanthoxyllum nitidum,WOODY
12,Protection forest,Isachne eberhardtii,ANNUAL
12,Protection forest,Selaginella moellendorfi,FORB_FERN
12,Protection forest,Lygodium japonicum,FORB_FERN
12,Protection forest,Phyllanthus amarus,ANNUAL
12,Protection forest,Lygodium conforme ,FORB_FERN
12,Protection forest,Lygodium digitatum,FORB_FERN
12,Protection forest,Wrightia laevis,WOODY
12,Protection forest,Achyranthes aspera ,FORB_FERN
12,Protection forest,Axonopus compressus,GRASS
12,Protection forest,Chromolaena odorata,WOODY
12,Protection forest,Cratoxyllum Formosum,TREE
12,Protection forest,Cychsorus pasasiticus,FORB_FERN
12,Protection forest,Cyclosorus parasiticus,FORB_FERN
12,Protection forest,Amorphophallus konjac,FORB_FERN
12,Protection forest,Desmodium gyroides,WOODY
12,Protection forest,Desmodium gagenticum,WOODY
12,Protection forest,Ixora chinensis,WOODY
12,Protection forest,Helicteres Viscida,FORB_FERN
12,Protection forest,Ficus hispida,WOODY
12,Protection forest,Hedyotis hispida,FORB_FERN
12,Protection forest,Elephantopus Asper,FORB_FERN
12,Protection forest,Dioscorea hamiltonii,WOODY
12,Protection forest,Digitaria radicosa,ANNUAL
12,Protection forest,Digitaria longiflora,ANNUAL
12,Protection forest,Elephantopus mollis ,FORB_FERN
16,Protection forest,Pteris semipinnata,FORB_FERN
16,Protection forest,Eupatorium viscidum,WOODY
16,Protection forest,Oplismenus compositus,GRASS
16,Protection forest,Rutaceae zanthoxylum,TREE
16,Protection forest,Pteris insignis,FORB_FERN
16,Protection forest,Selaginella involvens,FORB_FERN
16,Protection forest,Zingiber zerumbet,FORB_FERN
16,Protection forest,Teucrium viscidum,FORB_FERN
16,Protection forest,Trichosanthes pedata,WOODY
16,Protection forest,Urena lobata,ANNUAL
16,Protection forest,Villebrunea tonkinesis,WOODY
16,Protection forest,Mucuna bracteata,FORB_FERN
16,Protection forest,Streblus asper,TREE
16,Protection forest,Mallotus barbatus,TREE
16,Protection forest,Cyperus rotundus,GRASS
16,Protection forest,Alangium barbatum,WOODY
16,Protection forest,Amorphophallus tonkinensis,FORB_FERN
16,Protection forest,Amphicarpaea bracteata,ANNUAL
16,Protection forest,Axonopus compressus,GRASS
16,Protection forest,Illigera celebica,WOODY
16,Protection forest,Chromolaena odorata,WOODY
16,Protection forest,Carex baccans,GRASS
16,Protection forest,Cyclea barbata,FORB_FERN
16,Protection forest,Debregeasia squamata,WOODY
16,Protection forest,Commelina communis,ANNUAL
17,Production forest,Microstegium vimineum,ANNUAL
17,Production forest,Leonotis nepetifolia,ANNUAL
17,Production forest,Lygodium circinatum,FORB_FERN
17,Production forest,Lygodium japonicum,FORB_FERN
17,Production forest,Petiveria alliacea,WOODY
17,Production forest,Luffa acutangula,WOODY
17,Production forest,Pueraria lobata,WOODY
17,Production forest,Senna tora,ANNUAL
17,Production forest,Urena lobata,ANNUAL
17,Production forest,Hedychium coronarium,FORB_FERN
17,Production forest,Pteris cretica,FORB_FERN
17,Production forest,Flacourtia jangomas,TREE
17,Production forest,Conyza canadensis,ANNUAL
17,Production forest,Erigeron canadensis,ANNUAL
17,Production forest,Cyrtoccocum patens,ANNUAL
17,Production forest,Erigeron floribundus,ANNUAL
17,Production forest,Chromolaena odorata,WOODY
17,Production forest,Bidens pilosa,FORB_FERN
17,Production forest,Axonopus compressus,GRASS
17,Production forest,Amorphophallus paeoniifolius,FORB_FERN
17,Production forest,Alangium chinense,FORB_FERN
17,Production forest,Ageratum conyzoides,ANNUAL
18,Protection forest,Nephrolepis cordifolia ,FORB_FERN
18,Protection forest,Ormosia balansae,TREE
18,Protection forest,Peltophorum pterocarpum,TREE
18,Protection forest,Thelypteris interrupta,FORB_FERN
18,Protection forest,Tabernaemontana bovina,TREE
18,Protection forest,Pteris semipinnata,FORB_FERN
18,Protection forest,Randia gigantea,TREE
18,Protection forest,Lygodium japonicum,FORB_FERN
18,Protection forest,Urena lobata,ANNUAL
18,Protection forest,Zingiber zerumbet,FORB_FERN
18,Protection forest,Pothos repens,WOODY
18,Protection forest,Lygodium circinatum,FORB_FERN
18,Protection forest,Cyclosorus parasiticus,FORB_FERN
18,Protection forest,Geophila repens,WOODY
18,Protection forest,Aglaonema modestum,FORB_FERN
18,Protection forest,Alocasia macrorrhizos,FORB_FERN
18,Protection forest,Hedyotis hispida,FORB_FERN
18,Protection forest,Byttneria aspera,WOODY
18,Protection forest,Angiopteris confertinervia,WOODY
18,Protection forest,Cinnamomum burmanni,TREE
18,Protection forest,Coniogramme macrophylla,WOODY
18,Protection forest,Diplazium esculentum,FORB_FERN
18,Protection forest,Centella asiatica,FORB_FERN
19,Production forest,Piper betle,WOODY
19,Production forest,Theobroma cacao,TREE
19,Production forest,Thelypteris dentata,FORB_FERN
19,Production forest,Pollia japonica,FORB_FERN
19,Production forest,Cajanus cajan,WOODY
19,Production forest,Ficus hispida,WOODY
19,Production forest,Bambusa bambos,TREE
19,Production forest,Luehea divaricata,TREE
20,Protection forest,Zingiber pellitum,FORB_FERN
20,Protection forest,Oplismenus burmanni,ANNUAL
20,Protection forest,Mimosa pigra,WOODY
20,Protection forest,Stephania rotunda,WOODY
20,Protection forest,Randia gigantea,TREE
20,Protection forest,Pothos scandens ,WOODY
20,Protection forest,Pothos repens,WOODY
20,Protection forest,Piper sarmentosum,FORB_FERN
20,Protection forest,Piper betle,WOODY
20,Protection forest,Zingiber zerumbet,FORB_FERN
20,Protection forest,Passiflora foetida,WOODY
20,Protection forest,Maesa balansae,WOODY
20,Protection forest,Pellionia cristulata,FORB_FERN
20,Protection forest,Houttuynia cordata,FORB_FERN
20,Protection forest,Achyranthes aspera,FORB_FERN
20,Protection forest,Aglaonema simplex,FORB_FERN
20,Protection forest,Antidesma tonkinensis,WOODY
20,Protection forest,Begonia handelii,WOODY
20,Protection forest,Alocasia macrorrhizos,FORB_FERN
20,Protection forest,Cinnamomum burmanni,TREE
20,Protection forest,Citrus sinensis,TREE
20,Protection forest,Colquohounia coccinea,WOODY
20,Protection forest,Cyclosorus parasiticus,FORB_FERN
20,Protection forest,Callicarpa longifolia,WOODY
21,Protection forest,Lindernia ruelloides,ANNUAL
21,Protection forest,Mikania Cordata,WOODY
21,Protection forest,Oplismenus burmanni,ANNUAL
21,Protection forest,Piper betle,WOODY
21,Protection forest,Piper nigrum,WOODY
21,Protection forest,Plumbago zeylanica,WOODY
21,Protection forest,Zingiber pellitum,FORB_FERN
21,Protection forest,Stephania rotunda,WOODY
21,Protection forest,Thelypteris dentata,FORB_FERN
21,Protection forest,Tongan Sapindaceae,TREE
21,Protection forest,Gynostemma pentaphyllum,ANNUAL
21,Protection forest,Selaginella uncinata,FORB_FERN
21,Protection forest,Polygonum persicaria,ANNUAL
21,Protection forest,Geophila repens,WOODY
21,Protection forest,Pothos scandens ,WOODY
21,Protection forest,Dioscorea hamiltonii,WOODY
21,Protection forest,Elettaria cardamomun,FORB_FERN
21,Protection forest,Alternanthera sessilis,FORB_FERN
21,Protection forest,Ardisia crenata,WOODY
21,Protection forest,Asplenium hainanense,FORB_FERN
21,Protection forest,Begonia handelii,WOODY
21,Protection forest,Cayratia cannabina,FORB_FERN
21,Protection forest,Aglaonema modestum,FORB_FERN
21,Protection forest,Cyathula prostata,FORB_FERN
21,Protection forest,Cycas repens,TREE
21,Protection forest,Cyclosorus parasiticus,FORB_FERN
21,Protection forest,Cyperus haspan,ANNUAL
21,Protection forest,Cyrtoccocum patens,ANNUAL
21,Protection forest,Centotheca lappacea,ANNUAL
22,Production forest,Phyllanthus vigrandus,WOODY
22,Production forest,Piper nigrum,WOODY
22,Production forest,Pronephrium nitidum,FORB_FERN
22,Production forest,Pteris ensiformis,FORB_FERN
22,Production forest,Sauropus androgynus,FORB_FERN
22,Production forest,Pyrrosia piloselloides,FORB_FERN
22,Production forest,Selaginella biformis,FORB_FERN
22,Production forest,Streblus asper,TREE
22,Production forest,Selaginella uncinata,FORB_FERN
22,Production forest,Phyllanthus amarus,ANNUAL
22,Production forest,Pteris semipinnata,FORB_FERN
22,Production forest,Oplismenus compositus,GRASS
22,Production forest,Eryngium foetidum,FORB_FERN
22,Production forest,Hedyotis hispida,FORB_FERN
22,Production forest,Elephantopus mollis ,FORB_FERN
22,Production forest,Cyperus rotundus,GRASS
22,Production forest,Chromolaena odorata,WOODY
22,Production forest,Cassia obtusifolia,TREE
22,Production forest,Bidens pilosa,FORB_FERN
22,Production forest,Axonopus compressus,GRASS
22,Production forest,Ageratum conyzoides,ANNUAL
22,Production forest,Lindernia ruelloides,ANNUAL
23,Protection forest,Piper betle,WOODY
23,Protection forest,Pyrrosia piloselloides,FORB_FERN
23,Protection forest,Sambucus javanica,TREE
23,Protection forest,Scutellaria altissima,FORB_FERN
23,Protection forest,Piper arboreum,TREE
23,Protection forest,Stachytarpheta cayennensis,FORB_FERN
23,Protection forest,Thelypteris dentata,FORB_FERN
23,Protection forest,Thelypteris reticulata,FORB_FERN
23,Protection forest,Spathiphyllum blandum,FORB_FERN
23,Protection forest,Oplismenus burmanni,ANNUAL
23,Protection forest,Veronica officinalis,FORB_FERN
23,Protection forest,Mikania micrantha,WOODY
23,Protection forest,Oplismenus compositus,GRASS
23,Protection forest,Veronica agrestis,ANNUAL
23,Protection forest,Aglaonema modestum,FORB_FERN
23,Protection forest,Chromolaena odorata,WOODY
23,Protection forest,Commelina diffusa,ANNUAL
23,Protection forest,Urena lobata,ANNUAL
23,Protection forest,Cyclosorus parasiticus,FORB_FERN
23,Protection forest,Cyperus laxus,GRASS
23,Protection forest,Dicliptera javanica,FORB_FERN
23,Protection forest,Gymnocarpium dryopteris,FORB_FERN
23,Protection forest,Cyathula prostata,FORB_FERN
24,Production forest,Nephrolepis cordifolia ,FORB_FERN
24,Production forest,Oplismenus compositus,GRASS
24,Production forest,Oplismenus burmanni,ANNUAL
24,Production forest,Phyllanthus reticulatus,WOODY
24,Production forest,Phyllanthus urinaria,ANNUAL
24,Production forest,Piper betle,WOODY
24,Production forest,Pteris ensiformis,FORB_FERN
24,Production forest,Pteris ensiformis ,FORB_FERN
24,Production forest,Randia spinosa ,WOODY
24,Production forest,Selaginella kraussiana,FORB_FERN
24,Production forest,Scutellaria altissima,FORB_FERN
24,Production forest,Sida rhombifolia,FORB_FERN
24,Production forest,Plantago major,FORB_FERN
24,Production forest,Lygodium japonicum,FORB_FERN
24,Production forest,Kyllinga nemoralis,GRASS
24,Production forest,Ixora chinensis,WOODY
24,Production forest,Hypolepis punctata ,FORB_FERN
24,Production forest,Hypolepis punctata,FORB_FERN
24,Production forest,Gynostemma pentaphyllum,ANNUAL
24,Production forest,Digitaria longiflora,ANNUAL
24,Production forest,Cyrtoccocum patens,ANNUAL
24,Production forest,Cyclosorus balansae,FORB_FERN
24,Production forest,Chromolaena odorata,WOODY
24,Production forest,Bidens pilosa,FORB_FERN
24,Production forest,Amorphophallus tonkinensis,FORB_FERN
24,Production forest,Alocasia macrorrhizos,FORB_FERN
24,Production forest,Achyranthes aspera,FORB_FERN
24,Production forest,Lygodium digitatum,FORB_FERN
24,Production forest,Hibiscus mutabilis ,WOODY
24,Production forest,Zingiber pellitum,FORB_FERN
24,Production forest,Thunbergia grandiflora ,WOODY
26,Perrenial cropland,Vernonia cinerea,FORB_FERN
26,Perrenial cropland,Torenia crustacea,TREE
26,Perrenial cropland,Streblus asper,TREE
26,Perrenial cropland,Sida rhombifolia,FORB_FERN
26,Perrenial cropland,Selaginella monospora,FORB_FERN
26,Perrenial cropland,Scleromitrion verticillatum,FORB_FERN
26,Perrenial cropland,Ruellia patula,FORB_FERN
26,Perrenial cropland,Phyllanthus amarus,ANNUAL
26,Perrenial cropland,Oplismenus burmanni,ANNUAL
26,Perrenial cropland,Grona triflora,FORB_FERN
26,Perrenial cropland,Lepisorus  palmatopedatus,WOODY
26,Perrenial cropland,Achyranthes aspera,FORB_FERN
26,Perrenial cropland,Axonopus compressus,GRASS
26,Perrenial cropland,Lygodium palmatum,FORB_FERN
26,Perrenial cropland,Catunaregam spinosa,FORB_FERN
26,Perrenial cropland,Chromolaena odorata,WOODY
26,Perrenial cropland,Callicarpa longifolia,WOODY
26,Perrenial cropland,Cymbidium macrorhizon,WOODY
26,Perrenial cropland,Cyrtococcum patens,ANNUAL
26,Perrenial cropland,Digitaria ciliaris,ANNUAL
26,Perrenial cropland,Crateva religiosa,TREE
27,Production forest,Hylodesmum podocarpum,WOODY
27,Production forest,Urena lobata,ANNUAL
27,Production forest,Triumfetta annua,ANNUAL
27,Production forest,Tinospora cordifolia,WOODY
27,Production forest,Sida rhombifolia,FORB_FERN
27,Production forest,Oplismenus burmanni,ANNUAL
27,Production forest,Hedytotis acutangula,FORB_FERN
27,Production forest,Leucocasia gigantea,FORB_FERN
27,Production forest,Eragrostis tenella,ANNUAL
27,Production forest,Acacia mangium,TREE
27,Production forest,Elephantopus scaber,FORB_FERN
27,Production forest,Cratoxylum formosum,TREE
27,Production forest,Cratoxylum cochinchinense,TREE
27,Production forest,Chromolaena odorata,WOODY
27,Production forest,Bridelia tomentosa,TREE
27,Production forest,Grona triflora,FORB_FERN
28,Production forest,Oplismenus burmanni,ANNUAL
28,Production forest,Pericampylus glaucus,WOODY
28,Production forest,Praxelis clematidea,FORB_FERN
28,Production forest,Urena lobata,ANNUAL
28,Production forest,Stachytarpheta jamaicensis,WOODY
28,Production forest,Mimosa pudica,WOODY
28,Production forest,Wrightia pubescens,TREE
28,Production forest,Spermacoce alata,FORB_FERN
28,Production forest,Mimosa diplotricha,WOODY
28,Production forest,Ottochloa nodosa,GRASS
28,Production forest,Grona triflora,FORB_FERN
28,Production forest,Imperata cylindrica,GRASS
28,Production forest,Axonopus compressus,GRASS
28,Production forest,Camonea umbellata,WOODY
28,Production forest,Carex baccans,GRASS
28,Production forest,Bidens pilosa,FORB_FERN
28,Production forest,Cratoxylum formosum,TREE
28,Production forest,Curculigo orchioides,FORB_FERN
28,Production forest,Eragrostis tenella,ANNUAL
28,Production forest,Grona heterophylla,WOODY
28,Production forest,Chromolaena odorata,WOODY
29,Protection forest,Praxelis clematidea,FORB_FERN
29,Protection forest,Mimosa diplotricha,WOODY
29,Protection forest,Mimosa pudica,WOODY
29,Protection forest,Oplismenus burmanni,ANNUAL
29,Protection forest,Pericampylus glaucus,WOODY
29,Protection forest,Scleria tonkinensis,FORB_FERN
29,Protection forest,Ziziphus oenopolia,WOODY
29,Protection forest,Spermacoce alata,FORB_FERN
29,Protection forest,Torenia crustacea,TREE
29,Protection forest,Urena lobata,ANNUAL
29,Protection forest,Wrightia laevis,WOODY
29,Protection forest,Ziziphus rugosus,TREE
29,Protection forest,Micromelum minutum,TREE
29,Protection forest,Senna tora,ANNUAL
29,Protection forest,Melicope pteleifolia,WOODY
29,Protection forest,Streblus asper,TREE
29,Protection forest,Lygodium mycrophyllum,FORB_FERN
29,Protection forest,Ambrosia trifida,ANNUAL
29,Protection forest,Argyreia atropurpurea,WOODY
29,Protection forest,Axonopus compressus,GRASS
29,Protection forest,Biancaea  decapetala,WOODY
29,Protection forest,Bonnaya antipoda,FORB_FERN
29,Protection forest,Catunaregam spinosa,FORB_FERN
29,Protection forest,Chromolaena odorata,WOODY
29,Protection forest,Mallotus barbatus,TREE
29,Protection forest,Cissampelos pareira,WOODY
29,Protection forest,Eleocharis atropurpurea,WOODY
29,Protection forest,Eragrostis tenella,ANNUAL
29,Protection forest,Grona triflora,FORB_FERN
29,Protection forest,Helicteres hisurta,WOODY
29,Protection forest,Hultholia mimosoides,FORB_FERN
29,Protection forest,Kibatalia macrophylla,TREE
29,Protection forest,Chrysopogon aciculatus,GRASS
30,Production forest,Memecylon edule,TREE
30,Production forest,Urena lobata,ANNUAL
30,Production forest,Oplismenus burmanni,ANNUAL
30,Production forest,Melicope pteleifolia,WOODY
30,Production forest,Aporosa yunnanensis,TREE
30,Production forest,Kibatalia anceps,TREE
30,Production forest,Helicteres hisurta,WOODY
30,Production forest,Cyrtococum patens,ANNUAL
30,Production forest,Cratoxylum formosum,TREE
30,Production forest,Kibatalia macrophylla,TREE
31,Protection forest,Oplismenus burmanni,ANNUAL
31,Protection forest,Piper sarmentosum,FORB_FERN
31,Protection forest,Procris  repens,WOODY
31,Protection forest,Psilotrichum ferrugineum,FORB_FERN
31,Protection forest,Pteris ensiformis ,FORB_FERN
31,Protection forest,Pyrostegia venusta,WOODY
31,Protection forest,Sesbania bispinosa,FORB_FERN
31,Protection forest,Smilax aberrans,WOODY
31,Protection forest,Spermacoce alata,FORB_FERN
31,Protection forest,Melia azedarach,TREE
31,Protection forest,Streblus asper,TREE
31,Protection forest,Strophioblachia fimbricalyx,TREE
31,Protection forest,Thunbergia ebrhardtii,WOODY
31,Protection forest,Torenia crustacea,TREE
31,Protection forest,Wrightia laevis,WOODY
31,Protection forest,Ziziphus oenopolia,WOODY
31,Protection forest,Solena heterophylla,WOODY
31,Protection forest,Mallotus barbatus,TREE
31,Protection forest,Strobilanthes gigantodes,FORB_FERN
31,Protection forest,Lygodium japonicum,FORB_FERN
31,Protection forest,Adiantum capillus-veneris,WOODY
31,Protection forest,Albizia lebbeck,TREE
31,Protection forest,Amorphophallus konjac,FORB_FERN
31,Protection forest,Anisomeles indica,FORB_FERN
31,Protection forest,Axonopus compressus,GRASS
31,Protection forest,Callicarpa longifolia,WOODY
31,Protection forest,Chromolaena odorata,WOODY
31,Protection forest,Cipadessa baccifera,WOODY
31,Protection forest,Clerodendrum chinense,WOODY
31,Protection forest,Lygodium mycrophyllum,FORB_FERN
31,Protection forest,Cyanotis burmanniana,ANNUAL
31,Protection forest,Cyperus alatus,GRASS
31,Protection forest,Dalbergia lanceolaria,TREE
31,Protection forest,Distimake vitifolius,FORB_FERN
31,Protection forest,Embelia ribes,TREE
31,Protection forest,Flemingia lineata,WOODY
31,Protection forest,Kibatalia macrophylla,TREE
31,Protection forest,Cratoxylum formosum,TREE
31,Protection forest,Lonicera acuminata,WOODY
32,Production forest,Paratinospora sagittata,WOODY
32,Production forest,Selaginella biformis,FORB_FERN
32,Production forest,Selanginella moellendorfii,FORB_FERN
32,Production forest,Selaginella moellendorfi,FORB_FERN
32,Production forest,Selaginella monospora,FORB_FERN
32,Production forest,Koelreuteria paniculata,TREE
32,Production forest,Selaginella delicatula,FORB_FERN
32,Production forest,Eulophia picta,WOODY
32,Production forest,Streblus asper,TREE
32,Production forest,Cipadessa baccifera,WOODY
32,Production forest,Clianthus puniceus,WOODY
32,Production forest,Alangium barbatum,WOODY
32,Production forest,Alangium chinense,FORB_FERN
32,Production forest,Callicarpa longifolia,WOODY
32,Production forest,Amorphophallus konjac,FORB_FERN
32,Production forest,Amorphophallus paeoniifolius,FORB_FERN
32,Production forest,Alocasia macrorrhizos,FORB_FERN
32,Production forest,Chromolaena odorata,WOODY
36,Production forest,Pteris ensiformis ,FORB_FERN
36,Production forest,Vigna radiata,FORB_FERN
36,Production forest,Thelypteris parasitica,WOODY
36,Production forest,Teucricum viscidum,FORB_FERN
36,Production forest,Synedrella nodiflora,WOODY
36,Production forest,Streblus asper,TREE
36,Production forest,Stachytarpheta jamaicensis,WOODY
36,Production forest,Solanum erianthum,TREE
36,Production forest,Senna siamea,TREE
36,Production forest,Selaginella monospora,FORB_FERN
36,Production forest,Phyllanthus amarus,ANNUAL
36,Production forest,Eragrostis tenella,ANNUAL
36,Production forest,Oplismenus burmanni,ANNUAL
36,Production forest,Amorphophallus tonkinensis,FORB_FERN
36,Production forest,Catunaregam spinosa,FORB_FERN
36,Production forest,Chromolaena odorata,WOODY
36,Production forest,Clerodendrum chinense,WOODY
36,Production forest,Cratoxylum formosum,TREE
36,Production forest,Oroxylum Indicum,TREE
36,Production forest,Eulophia picta,WOODY
36,Production forest,Grona Heterocarpos,WOODY
36,Production forest,Lygodium japonicum,FORB_FERN
36,Production forest,Melastoma malabathricum,WOODY
36,Production forest,Ageratum conyzoides,ANNUAL
37,Home garden,Maesa indica,TREE
37,Home garden,Oplimenus burmanni,ANNUAL
37,Home garden,Phyllanthus chamaepeuce ,FORB_FERN
37,Home garden,Phyllanthus urinaria,ANNUAL
37,Home garden,Pteris ensiformis ,FORB_FERN
37,Home garden,Stachytarpheta jamaicensis,WOODY
37,Home garden,Synedrella nodiflora,WOODY
37,Home garden,Synedrella nodifloria,WOODY
37,Home garden,Tetrastigma beauvaisii,WOODY
37,Home garden,Macaranga denticulata,TREE
37,Home garden,Pueraria montana,WOODY
37,Home garden,Urena lobata,ANNUAL
37,Home garden,Hellenia speciosa,WOODY
37,Home garden,Dioscorea alata,WOODY
37,Home garden,Eragrostis tenella,ANNUAL
37,Home garden,Alocasia macrorrhizos,FORB_FERN
37,Home garden,Axonopus compressus,GRASS
37,Home garden,Bidens pilosa,FORB_FERN
37,Home garden,Chromolaena odorata,WOODY
37,Home garden,Ageratum conyzoides,ANNUAL
37,Home garden,Commelina communis,ANNUAL
37,Home garden,Cyanotis burmanniana,ANNUAL
37,Home garden,Cyperus alatus,GRASS
37,Home garden,Deparia boryana,WOODY
37,Home garden,Clerodendrum chinense,WOODY
38,Production forest,Vernicia montana,TREE
38,Production forest,Verbena officinalis,FORB_FERN
38,Production forest,Thelypteris parasitica,WOODY
38,Production forest,Thelypteris balansae,FORB_FERN
38,Production forest,Streptocaulon juventas,WOODY
38,Production forest,Solanum nigrum,ANNUAL
38,Production forest,Rubus alceifolius,WOODY
38,Production forest,Pteris ensiformis ,FORB_FERN
38,Production forest,Phyllanthus amarus,ANNUAL
38,Production forest,Maesa montana,TREE
38,Production forest,Polystichum scariosum,WOODY
38,Production forest,Lophatherum gracile,FORB_FERN
38,Production forest,Madhuca  dongnaiensis,TREE
38,Production forest,Breynia androgyna,WOODY
38,Production forest,Camonea umbellata,WOODY
38,Production forest,Catunaregam spinosa,FORB_FERN
38,Production forest,Abelmoschus moschatus,FORB_FERN
38,Production forest,Cyperus rotundus,GRASS
38,Production forest,Debregeasia squamata,WOODY
38,Production forest,Digitaria ciliaris,ANNUAL
38,Production forest,Halopteris ensiformis ,FORB_FERN
38,Production forest,Chromolaena odorata,WOODY
39,Protection forest,Persicaria maculosa,WOODY
39,Protection forest,Torenia fournieri,ANNUAL
39,Protection forest,Torenia flava,ANNUAL
39,Protection forest,Thelypteris parasitica,WOODY
39,Protection forest,Selaginella biformis,FORB_FERN
39,Protection forest,Ruellia tuberosa,FORB_FERN
39,Protection forest,Rhaphidophora tonkinensis,WOODY
39,Protection forest,Persicaria hydropiper,ANNUAL
39,Protection forest,Phyllanthus urinaria,ANNUAL
39,Protection forest,Geophila repens,WOODY
39,Protection forest,Eragrostis tenella,ANNUAL
39,Protection forest,Dimetia Hedyotidea,WOODY
39,Protection forest,Deparia boryana,WOODY
39,Protection forest,Cyathula prostrata,FORB_FERN
39,Protection forest,Cinnamomum burmanni,TREE
39,Protection forest,Centotheca lappacea,ANNUAL
39,Protection forest,Camelia sinensis,WOODY
39,Protection forest,Oplismenus burmanni,ANNUAL
39,Protection forest,Alsophila costularis,TREE
40,Production forest,Lophatherum gracile,FORB_FERN
40,Production forest,Lygodium conforme,FORB_FERN
40,Production forest,Mallotus decipiens,TREE
40,Production forest,Oldenlandia grandis,FORB_FERN
40,Production forest,Phlogacanthus pyramidalis,WOODY
40,Production forest,Phyllanthus amarus,ANNUAL
40,Production forest,Tetrastigma beauvaisii,WOODY
40,Production forest,Streblus asper,TREE
40,Production forest,Streptocaulon juventas,WOODY
40,Production forest,Thelypteris ciliata,WOODY
40,Production forest,Thunbergia  eberhardtii,WOODY
40,Production forest,Vernicia montana,TREE
40,Production forest,Lindsaea interrupta,WOODY
40,Production forest,Pteris ensiformis ,FORB_FERN
40,Production forest,Laportea interrupta,ANNUAL
40,Production forest,Selaginella decipiens,FORB_FERN
40,Production forest,Ficus hispida,WOODY
40,Production forest,Grona heterocarpos,WOODY
40,Production forest,Alocasia macrorrhizos,FORB_FERN
40,Production forest,Bambusa bambos,TREE
40,Production forest,Breynia androgyna,WOODY
40,Production forest,Camonea umbellata,WOODY
40,Production forest,Chromolaena odorata,WOODY
40,Production forest,Clausena lansium,TREE
40,Production forest,Alpinia chinensis,WOODY
40,Production forest,Deparia boryana,WOODY
40,Production forest,Digitaria ciliaris,ANNUAL
40,Production forest,Dimetia Hedyotidea,WOODY
40,Production forest,Dioscorea alata,WOODY
40,Production forest,Ethulia conyzoides,ANNUAL
40,Production forest,Eriochloa procera,FORB_FERN
40,Production forest,Debregeasia squamata,WOODY
41,Production forest,Piper sarmentosum,FORB_FERN
41,Production forest,Plagiogyria adnata,WOODY
41,Production forest,Praxelis clematidea,FORB_FERN
41,Production forest,Pteris semipinnata ,FORB_FERN
41,Production forest,Spermacoce alata,FORB_FERN
41,Production forest,Rubus alceifolius,WOODY
41,Production forest,Starchytarpheta jamaicensis,WOODY
41,Production forest,Thelypteris parasitica,WOODY
41,Production forest,Torenia violacea,ANNUAL
41,Production forest,Mussaenda baviensis,FORB_FERN
41,Production forest,Rhamnoneuron balansae,WOODY
41,Production forest,Melastoma imbricatum,WOODY
41,Production forest,Paspalum sumatrense,ANNUAL
41,Production forest,Lygodium japonicum,FORB_FERN
41,Production forest,Maesa indica,TREE
41,Production forest,Ardisia velutina,WOODY
41,Production forest,Celosia argentea,ANNUAL
41,Production forest,Centotheca uniflora,FORB_FERN
41,Production forest,Chromolaena odorata,WOODY
41,Production forest,Cinnamomum burmanni,TREE
41,Production forest,Axonopus compressus,GRASS
41,Production forest,Dimetia Hedyotidea,WOODY
41,Production forest,Dipladium hirtipes,FORB_FERN
41,Production forest,Diplazium esculentum,FORB_FERN
41,Production forest,Eragrostis tenella,ANNUAL
41,Production forest,Eriochloa procera,FORB_FERN
41,Production forest,Deparia boryana,WOODY
42,Production forest,Maesa parvifolia,WOODY
42,Production forest,Urena lobata,ANNUAL
42,Production forest,Thelypteris parasitica,WOODY
42,Production forest,Spermacoce alata,FORB_FERN
42,Production forest,Rubus alceifolius,WOODY
42,Production forest,Pteris ensiformis ,FORB_FERN
42,Production forest,Phyllanthus amarus,ANNUAL
42,Production forest,Pericampylus glaucus,WOODY
42,Production forest,Lygodium japonicum,FORB_FERN
42,Production forest,Chromolaena odorata,WOODY
42,Production forest,Leonotis nepetifolia,ANNUAL
42,Production forest,Grona rubra,WOODY
42,Production forest,Erigeron canadensis,ANNUAL
42,Production forest,Digitaria ciliaris,ANNUAL
42,Production forest,Crotalaria bracteata,WOODY
42,Production forest,Centella asiatica,FORB_FERN
42,Production forest,Biophytum sensitivum,ANNUAL
42,Production forest,Bidens pilosa,FORB_FERN
42,Production forest,Ageratum conyzoides,ANNUAL
42,Production forest,Lophatherum gracile,FORB_FERN
42,Production forest,Verbena officinalis,FORB_FERN
F13,No use,Streptocaulon juventas,WOODY
F13,No use,Solanum incanum,WOODY
F13,No use,Passiflora foetida,WOODY
F13,No use,Oplismenus compositus,GRASS
F13,No use,Mimosa pudica,WOODY
F13,No use,Mallotus microcarpus,WOODY
F13,No use,Amorphophallus tonkinensis,FORB_FERN
F13,No use,Digitaria bicornis,ANNUAL
F13,No use,Cratoxylum prunifolium,TREE
F13,No use,Chromolaena odorata,WOODY
F13,No use,Bidens pilosa,FORB_FERN
F13,No use,Amaranthus spinosus,ANNUAL
F13,No use,Lygodium japonicum,FORB_FERN
F14,No use,Lygodium digitatum,FORB_FERN
F14,No use,Lygodium japonicum,FORB_FERN
F14,No use,Mimosa pudica,WOODY
F14,No use,Isachne eberhardtii,ANNUAL
F14,No use,Streblus asper,TREE
F14,No use,Tabernaemontana bovina,TREE
F14,No use,Sida rhombifolia,WOODY
F14,No use,Eleusine indica,ANNUAL
F14,No use,Phyllanthus amarus,ANNUAL
F14,No use,Digitaria longiflora,ANNUAL
F14,No use,Cratoxylum paeoniflorum,TREE
F14,No use,Corchorus aestuans,ANNUAL
F14,No use,Chromolaena odorata,WOODY
F14,No use,Biophytum sensitivum,ANNUAL
F14,No use,Ageratum conyzoides,ANNUAL
F15,No use,Erigeron floribundus,ANNUAL
F15,No use,Dimeria sinensis,ANNUAL
F15,No use,Desmodium heterocarpon,WOODY
F15,No use,Desmodium gagenticum,WOODY
F15,No use,Cyclosorus parasiticus,FORB_FERN
F15,No use,Blumea adenophora,FORB_FERN
F15,No use,Chromolaena odorata,WOODY
F15,No use,Bidens pilosa,FORB_FERN
F15,No use,Ficus hispida,WOODY
F15,No use,Corchorus aestuans,ANNUAL
F15,No use,Hewittia scandens,FORB_FERN
F15,No use,Lygodium digitatum,FORB_FERN
F15,No use,Mimosa pudica,WOODY
F15,No use,Oplismenus compositus,GRASS
F15,No use,Phyllanthus acidus,TREE
F15,No use,Phyllanthus amarus,ANNUAL
F15,No use,Phyllanthus tenellus,ANNUAL
F15,No use,Sida rhombifolia,WOODY
F15,No use,Urena lobata,ANNUAL
F25,No use,Vernonia patulum,WOODY
F25,No use,Sida rhombifolia,WOODY
F25,No use,Selaginella involvens,FORB_FERN
F25,No use,Phyllanthus virgatus,FORB_FERN
F25,No use,Phyllanthus amarus,ANNUAL
F25,No use,Paederia foetida,WOODY
F25,No use,Oplismenus burmanni,FORB_FERN
F25,No use,Mallotus barbatus,WOODY
F25,No use,Lygodium japonicum,FORB_FERN
F25,No use,Kohautia attenuata,WOODY
F25,No use,Aerva sanguinolenta,FORB_FERN
F25,No use,Grona triflora,WOODY
F25,No use,Axonopus compressus,GRASS
F25,No use,Biophytum sensitivum,ANNUAL
F25,No use,Callicarpa longifolia,WOODY
F25,No use,Centella asiatica,FORB_FERN
F25,No use,Helicteres viscida,FORB_FERN
F25,No use,Chromolaena odorata,WOODY
F25,No use,Cipadessa baccifera,TREE
F25,No use,Digitaria setigera,WOODY
F25,No use,Erigeron canadensis,WOODY
F25,No use,Centotheca lappacea,ANNUAL
F33,No use,Tetrastigma beauvaisii,WOODY
F33,No use,Taxotrophis Ilicifolia,WOODY
F33,No use,Streptocaulon juventas,WOODY
F33,No use,Streblus asper,TREE
F33,No use,Senna timoriensis,TREE
F33,No use,Senna sulfurea,WOODY
F33,No use,Selaginella monospora,FORB_FERN
F33,No use,Praxelis clematidea,WOODY
F33,No use,Plumeria alba,TREE
F33,No use,Mallotus philippensis,TREE
F33,No use,Mallotus barbatus,WOODY
F33,No use,Lygodium japonicum,FORB_FERN
F33,No use,Maesa montana,WOODY
F33,No use,Imperata cylindrica,FORB_FERN
F33,No use,Alangium chinense,FORB_FERN
F33,No use,Leea brateata,WOODY
F33,No use,Argyreia atropurpurea,WOODY
F33,No use,Bidens pilosa,FORB_FERN
F33,No use,Broussonetia  papyrifera,TREE
F33,No use,Chromolaena odorata,WOODY
F33,No use,Alyxia siamensis,WOODY
F33,No use,Clematis vitalba,WOODY
F33,No use,Dicliptera bupleuroides,WOODY
F33,No use,Digitaria ciliaris,WOODY
F33,No use,Ficus hispida,WOODY
F33,No use,Harrisonia perforata,WOODY
F33,No use,Cipadessa baccifera,TREE
F33,No use,Lophatherum gracile,FORB_FERN
F34,No use,Cipasdessa baccifera,TREE
F34,No use,Alangium chinense,FORB_FERN
F34,No use,Biancaea  decapetala,WOODY
F34,No use,Biophytum sesitivum,FORB_FERN
F34,No use,Camellia flava,TREE
F34,No use,Canthium filipendulum,WOODY
F34,No use,Centotheca lappacea,ANNUAL
F34,No use,Chromolaena odorata,WOODY
F34,No use,Cyrtococcum patens,ANNUAL
F34,No use,Digitaria setigera,WOODY
F34,No use,Dicliptera bupleuroides,WOODY
F34,No use,Urena lobata,ANNUAL
F34,No use,Tetrastigma beauvaisii,WOODY
F34,No use,Tectaria subtriphylla,WOODY
F34,No use,Streptocaulon juventas,WOODY
F34,No use,Stemona tuberosa,WOODY
F34,No use,Selaginella monospora,FORB_FERN
F34,No use,Pericampyrus glaucus,WOODY
F34,No use,Taxotrophis Ilicifolia,WOODY
F34,No use,Maese montana,WOODY
F34,No use,Lygodium circinnatum,FORB_FERN
F34,No use,Lepisorus palmatopedatus,WOODY
F34,No use,Illigera rhodantha,WOODY
F34,No use,Helicteres lanceolata,WOODY
F34,No use,Flemingia grahamiana,WOODY
F34,No use,Ficus hispida,WOODY
F34,No use,Paratinospora sagittata,WOODY
F35,No use,Oplimenus burmanni,FORB_FERN
F35,No use,Oxalis corniculata,FORB_FERN
F35,No use,Parahellenia  tonkinensis,FORB_FERN
F35,No use,Phyllanthus amarus,ANNUAL
F35,No use,Phyllanthus urinaria,ANNUAL
F35,No use,Urena lobata,ANNUAL
F35,No use,Selaginella biformis,FORB_FERN
F35,No use,Starchytarpheta jamaicensis,FORB_FERN
F35,No use,Thelypteris parasitica,WOODY
F35,No use,Melastoma imbricatum,WOODY
F35,No use,Mallotus barbatus,WOODY
F35,No use,Dioscorea alata,FORB_FERN
F35,No use,Maesa indica,WOODY
F35,No use,Acmella paniculata,ANNUAL
F35,No use,Maesa montana,WOODY
F35,No use,Alpinia gagnepainii,FORB_FERN
F35,No use,Axonopus compressus,GRASS
F35,No use,Bidens pilosa,FORB_FERN
F35,No use,Chromolaena odorata,WOODY
F35,No use,Ageratum conyzoides,ANNUAL
F35,No use,Deparia boryana,WOODY
F35,No use,Eragrostis tenella,ANNUAL
F35,No use,Hylodesmum podocarpum,WOODY
F35,No use,Macaranga denticulata,TREE
F35,No use,Cyperus alatus,FORB_FERN
