scenario,mode,MAIZE_INT,MAIZE_LOW,ORCHARD,FALLOW,ACACIA,NATIVE_MIX,REGEN,PROTECT_STRICT,PROTECT_USE,awareness,stewardship_share,sar_index,richness,richness_FARMLAND,richness_PRODUCTION_FOREST,richness_PROTECTION_FOREST,rd_divergence,rd_dissimilarity,total_income_eur
S0_BASELINE,uncoupled,6.167,33.48,38.635,20.718,9.033,220.002,262.965,11020.5,0,0.635,0.995,100.206,,,,,,,813749.0
S0_BASELINE,oneway,6.167,33.48,38.635,20.718,9.033,220.002,262.965,11020.5,0,0.635,0.995,100.206,30.68,15.924,31.345,39.339,0.281,0.007,813749.0
S0_BASELINE,twoway,6.167,33.48,38.635,20.718,9.033,220.002,262.965,11020.5,0,0.635,0.995,100.206,30.68,15.924,31.345,39.339,0.281,0.007,813749.0
S0_BASELINE,twoway_nolag,6.167,33.48,38.635,20.718,9.033,220.002,262.965,11020.5,0,0.635,0.995,100.206,30.808,15.818,31.699,39.396,0.305,0.006,813749.0
S1_PFES_CARBON,uncoupled,6.167,33.398,38.718,20.718,8.657,220.65,262.694,11020.5,0,0.635,0.995,100.207,,,,,,,963529.0
S1_PFES_CARBON,oneway,6.167,33.398,38.718,20.718,8.657,220.65,262.694,11020.5,0,0.635,0.995,100.207,30.703,15.932,31.393,39.349,0.283,0.007,963529.0
S1_PFES_CARBON,twoway,6.167,33.398,38.718,20.718,8.657,220.65,262.694,11020.5,0,0.635,0.995,100.207,30.703,15.932,31.393,39.349,0.283,0.007,963529.0
S1_PFES_CARBON,twoway_nolag,6.167,33.398,38.718,20.718,8.657,220.65,262.694,11020.5,0,0.635,0.995,100.207,30.813,15.824,31.709,39.398,0.305,0.006,963529.0
S2_NATIVE_PLANTING,uncoupled,6.167,33.477,38.639,20.718,5.955,232.334,253.711,11020.5,0,0.635,0.996,100.213,,,,,,,830808.0
S2_NATIVE_PLANTING,oneway,6.167,33.477,38.639,20.718,5.955,232.334,253.711,11020.5,0,0.635,0.996,100.213,30.772,15.95,31.544,39.377,0.289,0.007,830808.0
S2_NATIVE_PLANTING,twoway,6.167,33.477,38.639,20.718,5.955,232.334,253.711,11020.5,0,0.635,0.996,100.213,30.772,15.95,31.544,39.377,0.289,0.007,830808.0
S2_NATIVE_PLANTING,twoway_nolag,6.167,33.477,38.639,20.718,5.955,232.334,253.711,11020.5,0,0.635,0.996,100.213,30.84,15.826,31.773,39.408,0.308,0.006,830808.0
S3_REGEN_ZONING,uncoupled,5.5,34.064,38.718,20.718,5.3,189.768,296.932,11020.5,0,0.635,0.996,100.214,,,,,,,975290.0
S3_REGEN_ZONING,oneway,5.5,34.064,38.718,20.718,5.3,189.768,296.932,11020.5,0,0.635,0.996,100.214,30.826,15.979,31.639,39.406,0.292,0.007,975290.0
S3_REGEN_ZONING,twoway,5.5,34.064,38.718,20.718,5.3,189.768,296.932,11020.5,0,0.635,0.996,100.214,30.826,15.979,31.639,39.406,0.292,0.007,975290.0
S3_REGEN_ZONING,twoway_nolag,5.5,34.064,38.718,20.718,5.3,189.768,296.932,11020.5,0,0.635,0.996,100.214,30.862,15.862,31.789,39.425,0.305,0.006,975290.0
S4_MAIZE_PRESSURE,uncoupled,73.266,0.0,1.72,24.015,9.033,220.002,262.965,11020.5,0,0.635,0.993,100.213,,,,,,,834811.0
S4_MAIZE_PRESSURE,oneway,73.266,0.0,1.72,24.015,9.033,220.002,262.965,11020.5,0,0.635,0.993,100.213,29.309,12.729,30.627,38.608,0.322,0.007,834811.0
S4_MAIZE_PRESSURE,twoway,72.077,0.25,1.72,24.953,9.033,220.002,262.965,11020.5,0,0.779,0.993,100.215,29.351,12.832,30.646,38.629,0.32,0.008,834669.0
S4_MAIZE_PRESSURE,twoway_nolag,71.333,0.994,1.72,24.953,8.799,220.236,262.965,11020.5,0,0.805,0.993,100.216,29.227,11.978,30.888,38.554,0.331,0.007,834528.0
S5_INTEGRATED,uncoupled,3.667,38.403,34.799,22.131,0.183,232.176,259.641,11020.5,0,0.822,0.997,100.228,,,,,,,1143330.0
S5_INTEGRATED,oneway,3.667,38.403,34.799,22.131,0.183,232.176,259.641,11020.5,0,0.822,0.997,100.228,30.906,16.01,31.807,39.441,0.289,0.007,1143330.0
S5_INTEGRATED,twoway,3.667,38.403,34.799,22.131,0.183,232.176,259.641,11020.5,0,0.822,0.997,100.228,30.906,16.01,31.807,39.441,0.289,0.007,1143330.0
S5_INTEGRATED,twoway_nolag,3.667,38.403,34.799,22.131,0.183,232.176,259.641,11020.5,0,0.822,0.997,100.228,30.928,15.887,31.927,39.454,0.3,0.006,1143330.0
