run_id,MAIZE_INT,MAIZE_LOW,ORCHARD,FALLOW,ACACIA,NATIVE_MIX,REGEN,PROTECT_STRICT,PROTECT_USE
0,0.28125,0.40625,0.28125,0.03125,0.13513513513513514,0.7837837837837838,0.08108108108108109,0.3181818181818182,0.6818181818181818
1,1.0,0.0,0.0,0.0,1.0,0.0,0.0,1.0,0.0
2,1.0,0.0,0.0,0.0,1.0,0.0,0.0,0.0,1.0
3,1.0,0.0,0.0,0.0,0.0,1.0,0.0,1.0,0.0
4,1.0,0.0,0.0,0.0,0.0,1.0,0.0,0.0,1.0
5,1.0,0.0,0.0,0.0,0.0,0.0,1.0,1.0,0.0
6,1.0,0.0,0.0,0.0,0.0,0.0,1.0,0.0,1.0
7,0.0,1.0,0.0,0.0,1.0,0.0,0.0,1.0,0.0
8,0.0,1.0,0.0,0.0,1.0,0.0,0.0,0.0,1.0
9,0.0,1.0,0.0,0.0,0.0,1.0,0.0,1.0,0.0
10,0.0,1.0,0.0,0.0,0.0,1.0,0.0,0.0,1.0
11,0.0,1.0,0.0,0.0,0.0,0.0,1.0,1.0,0.0
12,0.0,1.0,0.0,0.0,0.0,0.0,1.0,0.0,1.0
13,0.0,0.0,1.0,0.0,1.0,0.0,0.0,1.0,0.0
14,0.0,0.0,1.0,0.0,1.0,0.0,0.0,0.0,1.0
15,0.0,0.0,1.0,0.0,0.0,1.0,0.0,1.0,0.0
16,0.0,0.0,1.0,0.0,0.0,1.0,0.0,0.0,1.0
17,0.0,0.0,1.0,0.0,0.0,0.0,1.0,1.0,0.0
18,0.0,0.0,1.0,0.0,0.0,0.0,1.0,0.0,1.0
19,0.0,0.0,0.0,1.0,1.0,0.0,0.0,1.0,0.0
20,0.0,0.0,0.0,1.0,1.0,0.0,0.0,0.0,1.0
21,0.0,0.0,0.0,1.0,0.0,1.0,0.0,1.0,0.0
22,0.0,0.0,0.0,1.0,0.0,1.0,0.0,0.0,1.0
23,0.0,0.0,0.0,1.0,0.0,0.0,1.0,1.0,0.0
24,0.0,0.0,0.0,1.0,0.0,0.0,1.0,0.0,1.0
25,0.12309576322028816,0.7022521089698693,0.08966286440353782,0.08498926340630468,0.005838020325687865,0.29731893878890836,0.6968430408854036,0.546901384496891,0.453098615503109
26,0.03325523618098151,0.036402108013736334,0.7435166957204628,0.18682596008481936,0.1314507196152944,0.04346396201760169,0.825085318367104,0.94672032487111,0.05327967512889003
27,0.4791922136411122,0.05191382198499133,0.14329226115632596,0.3256017032175705,0.35497835238302117,0.3132013177541322,0.3318203298628467,0.023614432155963865,0.976385567844036
28,0.26495323414917044,0.0011993511018856067,0.6117595830019036,0.12208783174704049,0.4847338583543298,0.285364884786047,0.2299012568596232,0.003975098778876352,0.9960249012211236
29,0.8526841126700361,0.07344793986638516,0.060622502258127674,0.013245445205451014,0.22417109718179856,0.5274500636605112,0.2483788391576902,0.004242076790084357,0.9957579232099156
30,0.25913505081574806,0.3531134315043435,0.1294937762479857,0.25825774143192287,0.4658265892164851,0.2212777813395029,0.3128956294440119,0.1601103194491169,0.8398896805508831
31,0.10805114011882995,0.2971027895577364,0.22907340128055412,0.3657726690428796,0.6033567008459623,0.09122079813119441,0.30542250102284324,0.06086926622672235,0.9391307337732776
32,0.44568326613105635,0.2291780762444356,0.3117688294395766,0.01336982818493135,0.399236758903595,0.17379328069242472,0.42696996040398016,0.9394577125726682,0.060542287427331885
33,0.10649141767596643,0.17812173441636472,0.2326371491515973,0.4827496987560715,0.46409915286769454,0.328058391252762,0.20784245587954356,0.10090788262178618,0.8990921173782138
34,0.1655568646042515,0.06647219239362322,0.0012340423413791574,0.7667369006607461,0.88694517782507,0.1084144620253946,0.004640360149535543,0.5436697525049614,0.4563302474950387
35,0.42960614065792513,0.01528917436497239,0.44594942864728104,0.1091552563298214,0.16404081531392345,0.35906386510825905,0.4768953195778175,0.3502699787701742,0.6497300212298258
36,0.033259939255804165,0.48596242866391093,0.4684977428123582,0.012279889267926879,0.8267645276881688,0.0918230552426411,0.08141241706919018,0.9054185605128138,0.09458143948718635
37,0.027810115022407468,0.09241285279182254,0.6844322107291931,0.1953448214565767,0.22397389301093418,0.16744784189304115,0.6085782650960245,0.16064849092410163,0.8393515090758984
38,0.5919276540049726,0.3209504981611248,0.08099005023308778,0.006131797600814889,0.17699349202962447,0.5278862932192403,0.2951202147511353,0.9679743720793493,0.032025627920650696
39,0.2891982494514921,0.019537468364915517,0.06668292106774744,0.6245813611158448,0.052700985500746755,0.34383051468281517,0.6034684998164381,0.010089288673989519,0.9899107113260104
40,0.4388164571608843,0.01639864233783926,0.404382139462072,0.14040276103920435,0.039001543404726786,0.24138634708429796,0.7196121095109752,0.19043966781844018,0.8095603321815598
41,0.14597662314245533,0.3334814697013892,0.15402847247588017,0.3665134346802753,0.0686927785658667,0.29844757817598483,0.6328596432581485,0.9582383225875791,0.04176167741242085
42,0.06668684185395263,0.4783343617416936,0.07052701061011349,0.3844517857942403,0.8533821685575395,0.06868299414477029,0.0779348372976902,0.5131388506060828,0.4868611493939172
43,0.12114603227621236,0.1716950181416573,0.44196908707556803,0.26518986250656224,0.1365144887303403,0.4366000379827952,0.4268854732868645,0.9609500436055595,0.03904995639444058
44,0.27943098713154785,0.22359170281377078,0.09471974659401311,0.40225756346066827,0.054969806334798865,0.7222473726178685,0.2227828210473327,0.7603022726791075,0.23969772732089245
45,0.40404025499335255,0.031039711720764317,0.43972117446399556,0.12519885882188783,0.11120169874137516,0.05338095955766229,0.8354173417009626,0.5822185789429656,0.41778142105703436
46,0.5839522198286866,0.28853202220787744,0.11028835781569346,0.017227400147742423,0.24924928635601654,0.04090590380142686,0.7098448098425565,0.6573993421548338,0.3426006578451663
47,0.15220953396771983,0.04496662243368917,0.1701588853478907,0.6326649582507002,0.5683070913688778,0.12043470165898154,0.31125820697214057,0.8845565513037359,0.11544344869626406
48,0.10981222862546582,0.4339036700389437,0.027386627261244276,0.4288974740743463,0.7487328425870919,0.18678149804423202,0.064485659368676,0.09133665087950345,0.9086633491204966
49,0.2932618308674368,0.34760593763267905,0.3024999383376433,0.05663229316224088,0.3807712120701724,0.6045505384223058,0.014678249507521907,0.5342099150882278,0.4657900849117722
50,0.003774282956455705,0.6594235568721007,0.053238877401086376,0.28356328277035725,0.38263452330421804,0.1188877081337348,0.4984777685620473,0.08347280720639043,0.9165271927936095
51,0.00398495717527363,0.45351507017200315,0.09433079581697923,0.448169176835744,0.08529575726566282,0.4641377727462468,0.45056646998809025,0.34245725171037983,0.6575427482896201
52,0.1512276201921726,0.6004886975762271,0.12137122428846596,0.12691245794313444,0.23165552891820304,0.43486447259818717,0.3334799984836098,0.026456360747919627,0.9735436392520804
53,0.2929245324516118,0.41477709193741197,0.17034745291356468,0.12195092269741148,0.28973707616127226,0.02999075577470338,0.6802721680640244,0.6589347325307314,0.3410652674692686
54,0.08009594473784792,0.020116440386674827,0.019459375737753734,0.8803282391377235,0.09663329888759718,0.7286530634937782,0.17471363761862466,0.7872566399790545,0.21274336002094552
55,0.1308727935088646,0.3823942196147851,0.23907029792085546,0.24766268895549493,0.7058933432930043,0.2611199853299873,0.03298667137700837,0.740642349222228,0.25935765077777206
56,0.35372574614409047,0.19626471949078161,0.43008337534866503,0.019926159016462965,0.22693267633109981,0.09753036819474846,0.6755369554741516,0.476830967505863,0.5231690324941372
57,0.49070344355720963,0.011956351314459417,0.39326800391892686,0.10407220120940415,0.05174407561914008,0.11040003729397624,0.8378558870868836,0.629932265002124,0.37006773499787604
58,0.5425342173557232,0.18231945407700423,0.19269532072799941,0.08245100783927319,0.10610049060645044,0.18595232242213247,0.7079471869714171,0.8273701661040731,0.172629833895927
59,0.29993651584061914,0.35677842759641465,0.0280506815205123,0.3152343750424539,0.06414467920346645,0.7971364563965199,0.1387188644000138,0.22184266386397314,0.7781573361360268
60,0.12149404635448334,0.14977711335477892,0.20621013756094098,0.5225187027297967,0.6729224354545121,0.27490239463797267,0.05217516990751499,0.9320320436334137,0.0679679563665862
61,0.1184892241545789,0.17125849578350735,0.16977577760829674,0.540476502453617,0.040614314194922105,0.9452863244637784,0.014099361341299563,0.8821471408544593,0.11785285914554051
62,0.267922130728791,0.33253392226252887,0.35722573628712784,0.04231821072155234,0.5926840375822146,0.30033065111395096,0.10698531130383451,0.9336717502846382,0.06632824971536184
63,0.346749101903448,0.5393905377852144,0.09174765511838033,0.022112705192957084,0.07320131087752581,0.883848338477029,0.042950350645445265,0.6293920186053359,0.37060798139466417
64,0.04407119615964216,0.6496156261900423,0.2992547921768722,0.007058385473443348,0.12533338683279002,0.6107364589280369,0.26393015423917315,0.04019769774175863,0.9598023022582413
65,0.5081606394338185,0.2775355670340359,0.034276618488927386,0.18002717504321808,0.33257369654111846,0.05275926166460009,0.6146670417942814,0.11147706500829531,0.8885229349917045
66,0.06633902157277902,0.48629037969773364,0.029087006901167525,0.4182835918283198,0.3937624896440965,0.11061064390959849,0.49562686644630505,0.013152138745336437,0.9868478612546635
67,0.01588256624054423,0.6997167883125769,0.24626289002145035,0.038137755425428584,0.2559059000687534,0.07535187142042563,0.6687422285108209,0.519172083740379,0.48082791625962096
68,0.0004612277340800047,0.32854199410415563,0.3061580878499897,0.3648386903117747,0.17560155654470813,0.028104853616990413,0.7962935898383016,0.10862738360565743,0.8913726163943425
69,0.29813449928990166,0.12904091599045023,0.1857381426929563,0.38708644202669185,0.2644861615657756,0.4599406702977767,0.27557316813644783,0.9904393884007492,0.009560611599250734
70,0.0970885548247009,0.3774242725404485,0.442669348830578,0.08281782380427263,0.1273559346657201,0.014616189251881495,0.8580278760823984,0.3199519658355905,0.6800480341644095
71,0.5766443251804528,0.2999716004487508,0.12165090862943485,0.0017331657413616355,0.03359573205900982,0.026998458140593068,0.9394058098003971,0.9725109593758878,0.027489040624112147
72,0.13821773036909635,0.11096319545072704,0.1957139450359938,0.5551051291441829,0.1293320380813599,0.6149461593698221,0.25572180254881793,0.39829507958342797,0.601704920416572
73,0.7708564031277176,0.08934193413065382,0.10789695084270856,0.031904711898919996,0.6421752394035013,0.27491456119307406,0.08291019940342474,0.6148541227442389,0.38514587725576094
74,0.4485386687068621,0.07304143635327232,0.2682786366965388,0.21014125824332686,0.4399049782556339,0.5217366185857797,0.03835840315858632,0.05416786173402397,0.945832138265976
75,0.05235635677680858,0.010086313923202622,0.05976586089634403,0.8777914684036449,0.4311090341572091,0.3264542010165546,0.24243676482623625,0.5414424657403676,0.45855753425963247
76,0.1303127495121067,0.39500154528351566,0.09364663758682881,0.3810390676175488,0.0009977597509388037,0.48515421008003473,0.5138480301690266,0.5678215524058793,0.4321784475941207
77,0.15937655767795786,0.4729959070730836,0.3430814198228461,0.024546115426112375,0.6984771570065808,0.2090001586928305,0.09252268430058874,0.9086649664824233,0.0913350335175766
78,0.009671559981132767,0.058028504226503276,0.11392340680011852,0.8183765289922454,0.16105058960320764,0.09175143077030572,0.7471979796264867,0.8652712752888811,0.13472872471111896
79,0.299164834934277,0.2961872222047365,0.3016744994380565,0.10297344342292998,0.09691169924876475,0.0770363889037114,0.8260519118475238,0.971248518851407,0.028751481148592998
80,0.300593037959091,0.06751942633439267,0.21538573316156118,0.41650180254495495,0.16645082037427072,0.6195978019252706,0.21395137770045877,0.8196688197530279,0.18033118024697212
81,0.3581629516047899,0.1816982874088446,0.36316635555504817,0.09697240543131735,0.7412193210334415,0.24400025336685568,0.014780425599702938,0.5501361399357046,0.44986386006429524
82,0.3047111123932757,0.5697635304105543,0.08871739659708995,0.036807960599079974,0.36283393603211656,0.40279457262028806,0.23437149134759538,0.9536614547453433,0.04633854525465663
83,0.1382596332253506,0.31602760577110683,0.4935935513797617,0.05211920962378086,0.1770422629485368,0.3475965368846619,0.4753612001668014,0.4004752309902638,0.5995247690097362
84,0.38330762156676124,0.1039020328984941,0.2734237717630648,0.2393665737716799,0.5378471279203111,0.014681050631290502,0.4474718214483983,0.862835056077377,0.137164943922623
85,0.3128126914940191,0.46251728022845234,0.005887063939524832,0.2187829643380037,0.2598140931854453,0.6796873920251102,0.06049851478944442,0.9469783092154338,0.05302169078456614
86,0.19676634407408092,0.10940085716442409,0.16925544400006592,0.5245773547614292,0.04955360533990612,0.6120291534937471,0.33841724116634686,0.2654029190007649,0.7345970809992352
87,0.1518083116151378,0.7000324195753683,0.11508046035124417,0.033078808458249856,0.05862260077212153,0.9374462326435193,0.003931166584359063,0.6541399769720406,0.3458600230279594
88,0.06923699877294959,0.15771558172449862,0.6312609914310691,0.1417864280714828,0.6025751059164802,0.12387682564148729,0.2735480684420324,0.4963421862045159,0.5036578137954841
89,0.3742509630436856,0.11472222748114776,0.39527493168400735,0.11575187779115935,0.2876168070389979,0.14742372325569622,0.5649594697053059,0.4255287117589353,0.5744712882410647
90,0.841398101859341,0.052891730874756564,0.10031137949164723,0.005398787774255044,0.25615850362311127,0.45779105009106064,0.28605044628582804,0.18042613741946206,0.8195738625805379
91,0.06972711654800316,0.28130381735758625,0.4813507282567186,0.16761833783769206,0.6515574682672797,0.07205699266775259,0.27638553906496766,0.8844235328469274,0.11557646715307252
92,0.02519653172089664,0.07811138356396007,0.009344743053994358,0.887347341661149,0.670735747600337,0.24221762018181492,0.08704663221784804,0.3375143969673014,0.6624856030326984
93,0.2954537289771738,0.06374215472039964,0.2653179905774507,0.3754861257249759,0.3288603225874167,0.6253098547384407,0.04582982267414258,0.9228093340239767,0.0771906659760233
94,0.21096233216133373,0.3535738286655885,0.14241996353041345,0.2930438756426643,0.24432990319966258,0.028526508471277034,0.7271435883290605,0.3612972532935658,0.6387027467064341
95,0.06474600000808745,0.12922797102039646,0.3250713193500987,0.48095470962141734,0.16564921396731677,0.7827231937076619,0.05162759232502123,0.5523077503321202,0.44769224966787974
96,0.19712015163399302,0.2744194017348781,0.03679671500627224,0.4916637316248565,0.008263853301765765,0.6939367762201162,0.297799370478118,0.5606235856123818,0.4393764143876182
97,0.7825214059835053,0.07439676048682649,0.12067207553849729,0.022409757991171016,0.6441063018798129,0.02671824200645644,0.3291754561137306,0.25388029771327913,0.746119702286721
98,0.3808770465630298,0.5044984953632737,0.033435962682627746,0.08118849539106875,0.6419842897396091,0.30456520908340645,0.05345050117698447,0.47293683781866197,0.5270631621813381
99,0.17589909890410643,0.003968278733799284,0.014111128946025033,0.8060214934160693,0.2609973791891017,0.7364622300606817,0.002540390750216689,0.25388705097449626,0.7461129490255036
100,0.3321757308601069,0.33716494623217846,0.07598376188891512,0.25467556101879957,0.15604665336417253,0.39460311027838413,0.44935023635744326,0.13871539871789934,0.8612846012821007
101,0.43245251613255353,0.056987219722707365,0.37469924428742746,0.13586101985731167,0.49190317327947425,0.1081394184180987,0.399957408302427,0.0880740681771892,0.9119259318228108
102,0.3212446765079192,0.6251673005954959,0.016616048808469255,0.036971974088115624,0.034034221686257575,0.9618377099144362,0.004128068399306011,0.973546882385957,0.026453117614043058
103,0.0042133373693397334,0.12525816268629283,0.8530734086270415,0.017455091317325908,0.3410092740917557,0.5911449526734608,0.06784577323478345,0.15248976292131983,0.8475102370786802
104,0.21014521000079023,0.10626376336590626,0.1878490821274997,0.49574194450580383,0.5486887488593672,0.007151970995076064,0.4441592801455566,0.7512870052220565,0.24871299477794356
105,0.22069284541487097,0.16519460423879015,0.5626643827346722,0.051448167611666554,0.10596034883647311,0.05267173837973761,0.8413679127837893,0.0018471422997060104,0.9981528577002939
106,0.41687309533501793,0.18372681798437124,0.10413010201149557,0.2952699846691152,0.17529163430596761,0.8012936345349019,0.023414731159130536,0.13321784416164623,0.8667821558383537
107,0.02866735812758915,0.47700096078494847,0.08864955402576952,0.4056821270616929,0.0985065382178603,0.4162682159214932,0.4852252458606465,0.916096011780425,0.08390398821957508
108,0.005277658939235288,0.006735021052446582,0.5710168963595595,0.4169704236487586,0.43527998815104724,0.26971946108038886,0.295000550768564,0.8552491907084082,0.14475080929159176
109,0.157042334402986,0.0492699190624941,0.2941089913377852,0.49957875519673484,0.2595408332490075,0.5512180727258785,0.18924109402511383,0.8804542156665932,0.11954578433340664
110,0.8390849435715887,0.028787150014145984,0.08147189631937907,0.05065601009488615,0.017596512745924723,0.7883960891512476,0.19400739810282763,0.6383195094952966,0.3616804905047033
111,0.08237045577842045,0.12464659694056482,0.20257286695754823,0.5904100803234665,0.3870002337099608,0.39836272198476524,0.214637044305274,0.32779881475473166,0.6722011852452684
112,0.19353916280537264,0.285218004301561,0.20677371781945325,0.3144691150736131,0.524080621374351,0.24578835609561123,0.23013102253003778,0.702486085067073,0.297513914932927
113,0.02496791982911735,0.2205500469129865,0.5820612274013495,0.17242080585654684,0.09102292712884054,0.10138396770102821,0.8075931051701313,0.6555890236066648,0.3444109763933351
114,0.0800497685198952,0.517948154571549,0.33055687407286183,0.07144520283569385,0.6072606120879336,0.28725819442634987,0.10548119348571672,0.8867307092901894,0.11326929070981076
115,0.37199255639233814,0.017002134796398328,0.4602791643519607,0.15072614445930294,0.12785976591758305,0.39302810128728044,0.47911213279513637,0.33056480103706465,0.6694351989629352
116,0.1777583005128582,0.11017054492328507,0.1934260938141453,0.5186450607497115,0.29389684565788965,0.5527147927237863,0.15338836161832398,0.9949606621567745,0.005039337843225576
117,0.20273164837223082,0.211884370551988,0.02467778693364514,0.560706194142136,0.6589114176486451,0.05307521030245889,0.288013372048896,0.588585064854462,0.4114149351455379
118,0.027017418519017664,0.6064431000701112,0.2678309737855731,0.09870850762529809,0.04230810761045427,0.05946767284058103,0.8982242195489646,0.71961264608088,0.28038735391912006
119,0.003747113273747447,0.18554001223498656,0.19531201353231725,0.6154008609589489,0.10052967309922564,0.4948789056722223,0.40459142122855213,0.11659328853921784,0.8834067114607821
120,0.22587672005302298,0.6281947148131395,0.13884286188501385,0.0070857032488236375,0.0159235730111651,0.4189427200463227,0.5651337069425121,0.7099876184908586,0.2900123815091415
121,0.2033825267378648,0.04182142942007317,0.5000343798699733,0.2547616639720886,0.8282793730868732,0.10121388305423343,0.07050674385889338,0.5534440308390752,0.4465559691609246
122,0.14146980786737498,0.6577167602346712,0.06826966334137456,0.13254376855657943,0.02713649683888006,0.8268645830801034,0.14599892008101656,0.6102687437956866,0.3897312562043134
123,0.2026435815787035,0.11750502547623803,0.08110678622416133,0.5987446067208971,0.4297640031405198,0.39786710717181484,0.1723688896876653,0.8790216225677251,0.12097837743227499
124,0.3857026988477598,0.50341414835159,0.04443981506379677,0.06644333773685339,0.014026842598253217,0.38849462753523156,0.5974785298665152,0.6318675610910133,0.3681324389089866
125,0.009248537954141081,0.008684664186791811,0.7907805729074893,0.1912862249515778,0.1392765871108821,0.6556257600555288,0.2050976528335892,0.8809841739960746,0.11901582600392542
126,0.5471622217299572,0.008315362207449084,0.005793894613498714,0.438728521449095,0.10773752518116297,0.06934806608745181,0.8229144087313852,0.18169034890358338,0.8183096510964167
127,0.4878433848053669,0.1654133374846377,0.3451389805826737,0.0016042971273217451,0.05453742976312615,0.8831370040304103,0.062325566206463484,0.9322237352312518,0.06777626476874822
128,0.6262316302781962,0.09008919537375863,0.06694778410543321,0.21673139024261195,0.014835015577404775,0.5744259557600039,0.4107390286625914,0.9203556997333786,0.07964430026662143
129,0.04735820387193433,0.14137337556686538,0.8077989378820352,0.003469482679165202,0.22025115401039266,0.7165408459926373,0.06320799999696997,0.09442829876467158,0.9055717012353285
130,0.2626993495182423,0.11699257633883055,0.12885255702263873,0.4914555171202884,0.3894271719737037,0.5827777096901663,0.02779511833613011,0.12172823266928466,0.8782717673307154
131,0.3632342425509073,0.057941974228997724,0.45577331137268695,0.12305047184740804,0.037866475441938226,0.6577541572592858,0.30437936729877596,0.5433156183705161,0.4566843816294839
132,0.8331675298794129,0.14306878278178406,0.018605032396411494,0.005158654942391432,0.18987626767403995,0.21901235155070414,0.5911113807752559,0.008586166105853082,0.9914138338941467
133,0.23852746692462085,0.24026070346861736,0.3127610080096099,0.2084508215971519,0.42866779564833163,0.18397191884531078,0.3873602855063575,0.6250372283248555,0.3749627716751444
134,0.34278666123271834,0.5672133426727548,0.03512527238799787,0.054874723706529044,0.8328149326483882,0.026931043848469362,0.14025402350314237,0.3390913524675037,0.6609086475324965
135,0.3160489835179926,0.012836311294157224,0.6635553879079928,0.007559317279857495,0.04652080592344693,0.242626954070005,0.7108522400065482,0.16980411338675708,0.830195886613243
136,0.18182932531572737,0.3876567977508437,0.1833560450717288,0.24715783186170018,0.3333794731044619,0.466883039547975,0.199737487347563,0.46483620266456055,0.5351637973354393
137,0.12275290985174439,0.16380190939632605,0.42761991170541414,0.28582526904651545,0.7420909919132358,0.0627751792261054,0.19513382886065864,0.47750946095115016,0.5224905390488499
138,0.32853755354167025,0.05575122801958332,0.5340248203030016,0.08168639813574477,0.5608436943089095,0.4103851941049759,0.02877111158611463,0.5716830400841527,0.4283169599158474
139,0.29369823553049157,0.6741574602175934,0.024173109986765366,0.007971194265149658,0.008869532056232973,0.04958583746751156,0.9415446304762555,0.4502646402078246,0.5497353597921755
140,0.07296324681007607,0.29103456804562716,0.521612197222247,0.11438998792204966,0.589930491868037,0.02645828667076363,0.3836112214611994,0.540398699176788,0.45960130082321204
141,0.593569820058533,0.026405462214414803,0.2585689642494524,0.12145575347759983,0.2715341099380487,0.16333899160259727,0.5651268984593539,0.5617192842814357,0.43828071571856425
142,0.18816848808245137,0.034224295158758765,0.003699097609353479,0.7739081191494366,0.5261059151655746,0.21194332171926245,0.2619507631151629,0.8136542543069385,0.18634574569306156
143,0.2495877780166651,0.20870838086196428,0.0429795056825812,0.49872433543878936,0.4895533481133226,0.20770415248005786,0.30274249940661957,0.3407412538527935,0.6592587461472065
144,0.0583684853522162,0.47360448217957557,0.17087854546164527,0.29714848700656293,0.03254833466873013,0.6144097549139269,0.3530419104173429,0.931137788209229,0.068862211790771
145,0.012756109683434652,0.2117090082521326,0.2831819336991305,0.49235294836530236,0.001886510501958976,0.019799727928140737,0.9783137615699002,0.9163665151755694,0.0836334848244304
146,0.6429673500101071,0.002150981024508909,0.34729415628293336,0.007587512682450601,0.5170900131958017,0.2556995253989776,0.22721046140522067,0.989222627292038,0.010777372707961854
147,0.16109663992541812,0.03179394427417708,0.5166391491921117,0.2904702666082932,0.649544091313927,0.11405681038076587,0.23639909830530728,0.27753720333648785,0.7224627966635121
148,0.6133461470599336,0.02797744366854822,0.3385247623970772,0.020151646874441063,0.15811974877844093,0.5032349065836267,0.3386453446379324,0.2568934960448652,0.7431065039551348
149,0.07831989293833218,0.439330058279084,0.38674791681391746,0.09560213196866632,0.6099424403128502,0.38426484229380237,0.005792717393347316,0.19650294977699492,0.8034970502230052
