run_id,MAIZE_INT,MAIZE_LOW,ORCHARD,FALLOW,ACACIA,NATIVE_MIX,REGEN,PROTECT_STRICT,PROTECT_USE,richness,tree_occupancy,tau_richness,tau_tree,richness_FARMLAND,tau_richness_FARMLAND,richness_PRODUCTION_FOREST,tau_richness_PRODUCTION_FOREST,richness_PROTECTION_FOREST,tau_richness_PROTECTION_FOREST,rd_divergence,rd_dissimilarity
0,0.28125,0.40625,0.28125,0.03125,0.1351351351351351,0.7837837837837838,0.081081081081081,0.3181818181818182,0.6818181818181818,26.15195,0.052618575,5.409893406024843,6.840353412497666,11.625228179487179,6.411337651658642,28.6606271978022,5.220622186368971,33.03606899038462,5.3594505740676235,0.5971840828120168,0.003949478449694419
1,1.0,0.0,0.0,0.0,1.0,0.0,0.0,1.0,0.0,22.946550000000002,0.048952225,3.910289591319685,7.070537836953882,7.287029538461539,4.035942764361178,19.569267032967034,9.151031476260567,35.6889,5.242917838638142,0.0,0.017566167532428786
2,1.0,0.0,0.0,0.0,1.0,0.0,0.0,0.0,1.0,19.36685,0.036117474999999996,17.555936348390894,8.123619570476917,6.646877589743589,5.050675029765899,18.546431501831503,9.088801422980696,28.034737259615387,2.0473146974295475,0.0,0.028779978248185383
3,1.0,0.0,0.0,0.0,0.0,1.0,0.0,1.0,0.0,27.835175,0.062511025,6.007945020723291,7.2168850702161516,8.19478885897436,1.0405491796015802,30.463961355311355,5.689859476533354,37.810225,5.9104157647984765,0.3494415581594682,0.013033600727305798
4,1.0,0.0,0.0,0.0,0.0,1.0,0.0,0.0,1.0,24.022475,0.048831225,4.864150257614268,6.632308940471462,7.52684173076923,3.2247533733176805,28.984319871794874,4.971163976821539,29.99063405448718,4.426566254367005,0.04331369552482152,0.005699278538142311
5,1.0,0.0,0.0,0.0,0.0,0.0,1.0,1.0,0.0,27.888675,0.06214505,5.811782749474011,6.9697506489524,8.239411435897436,0.9852221710244409,30.47935,5.194569915497211,37.902625,5.895528367891446,0.0,0.000737314102450309
6,1.0,0.0,0.0,0.0,0.0,0.0,1.0,0.0,1.0,24.097425,0.0486329,4.525143093460948,6.047996590765331,7.573553833333333,3.2197044004034985,29.069275,4.42013429218438,30.074501682692308,4.415952202873881,0.7921458540667609,0.007278765087747333
7,0.0,1.0,0.0,0.0,1.0,0.0,0.0,1.0,0.0,24.389200000000002,0.049691,4.331668141577729,6.763455439586709,10.488648461538462,3.2627125864398976,20.357916575091576,10.61717042262827,36.604375000000005,5.416423614993725,0.003938165859219274,0.018902478853923883
8,0.0,1.0,0.0,0.0,1.0,0.0,0.0,0.0,1.0,20.613999999999997,0.03647985,,8.973700376035461,9.672647589743589,,19.0289315018315,9.674916926480543,28.8392296474359,2.827146589546615,0.0,0.035871116137355795
9,0.0,1.0,0.0,0.0,0.0,1.0,0.0,1.0,0.0,29.346925,0.06325842500000001,5.94726048586661,7.143867349299525,11.577298589743592,5.897397374565605,31.32567545787546,5.847380779691141,38.72155,6.010527938609745,0.4122603472398656,0.012807081301748383
10,0.0,1.0,0.0,0.0,0.0,1.0,0.0,0.0,1.0,25.470675,0.049504275,5.012674610589726,6.466114790591205,10.762507179487178,4.416722575881291,29.83388076923077,5.234398267938268,30.845475560897434,4.847065018252513,0.0,0.005383318046026927
11,0.0,1.0,0.0,0.0,0.0,0.0,1.0,1.0,0.0,29.396150000000002,0.0628807,5.780115129717642,6.90077051030767,11.635026282051282,5.8319751821833465,31.321725,5.395393706466726,38.811975,5.995148210751442,0.0,0.0015449203822506914
12,0.0,1.0,0.0,0.0,0.0,0.0,1.0,0.0,1.0,25.5416,0.04929507500000001,4.754487863108692,5.908675154377825,10.822740256410256,4.398634736083709,29.8998,4.736183109293888,30.92748982371795,4.828910019507486,0.816167785201268,0.00733268234766645
13,0.0,0.0,1.0,0.0,1.0,0.0,0.0,1.0,0.0,26.091700000000003,0.0526108,5.311131012224968,7.027209441003475,15.365288846153847,6.145306446442883,20.876986538461537,10.514985361528364,37.3586,5.657627027596197,0.0,0.02269879947572919
14,0.0,0.0,1.0,0.0,1.0,0.0,0.0,0.0,1.0,22.13455,0.03875705,2.113430954133315,,14.127763076923078,5.46530325362763,19.429349175824175,9.15411902210151,29.505753525641026,3.6246277951621235,0.012693505851300002,0.0401003326538079
15,0.0,0.0,1.0,0.0,0.0,1.0,0.0,1.0,0.0,31.321725,0.066906775,6.278074587380404,7.266869519994234,17.038967564102563,6.773596930333662,32.10615366300366,6.121480106666698,39.5621,6.205100590244935,0.37693544417145974,0.014418001657220757
16,0.0,0.0,1.0,0.0,0.0,1.0,0.0,0.0,1.0,27.309350000000002,0.052614425,5.688887030456573,6.761845227374326,15.826249358974358,6.39170704137096,30.584720787545788,5.593156103722398,31.620343509615385,5.358146995458061,0.0,0.007893822796787705
17,0.0,0.0,1.0,0.0,0.0,0.0,1.0,1.0,0.0,31.34525,0.066488525,6.127141628101809,7.049684754066947,17.070190897435896,6.719336820671814,32.053725,5.6841343662429535,39.647225,6.186880542530963,0.0,0.0046107438329791185
18,0.0,0.0,1.0,0.0,0.0,0.0,1.0,0.0,1.0,27.356,0.052373525000000004,5.471391740278812,6.335346065701431,15.862774487179486,6.334232490507351,30.60405,5.110174881198083,31.697234054487183,5.328855102723988,0.5812966673722336,0.006609875630613296
19,0.0,0.0,0.0,1.0,1.0,0.0,0.0,1.0,0.0,28.279500000000002,0.0545487,5.679329913384631,6.980523182214492,21.487925000000004,5.946282134490256,21.5295315018315,,38.430475,5.864524630711501,0.1715532049636337,0.022151073514275105
20,0.0,0.0,0.0,1.0,1.0,0.0,0.0,0.0,1.0,24.587125,0.041518925000000005,4.315882505587715,,20.238374999999998,5.592108387845888,20.760042765567764,10.78883366130359,30.65379182692308,4.5399567858562975,0.0,0.02025835588748571
21,0.0,0.0,0.0,1.0,0.0,1.0,0.0,1.0,0.0,33.73385,0.069219575,6.359126560867781,7.206730575557393,23.33305,6.382974007338961,33.18601785714286,6.333249900392122,40.713675,6.361840805145473,0.0,0.021316709511860737
22,0.0,0.0,0.0,1.0,0.0,1.0,0.0,0.0,1.0,29.652375,0.054931775,5.915331264929677,6.713917836301183,21.983275,6.094043142598908,31.65614542124542,5.895365248641806,32.692258733974356,5.755566881466918,0.0,0.022772673774678055
23,0.0,0.0,0.0,1.0,0.0,0.0,1.0,1.0,0.0,33.767575,0.0687757,6.238653274045753,7.0035455003012475,23.425850000000004,6.371870037200837,33.118224999999995,5.940041281872649,40.799275,6.344261818812456,0.0,0.0
24,0.0,0.0,0.0,1.0,0.0,0.0,1.0,0.0,1.0,29.709225,0.05466365000000001,5.7558159369829855,6.345925461006634,22.081000000000003,6.086350555876416,31.659925,5.46621046910605,32.76997612179487,5.726250348281172,0.0,0.009945450709581334
25,0.1230957632202881,0.7022521089698693,0.0896628644035378,0.0849892634063046,0.0058380203256878,0.2973189387889083,0.6968430408854036,0.546901384496891,0.453098615503109,27.903799999999997,0.057328250000000004,5.603939283215429,6.783929123667773,12.214955410256408,6.03740086435507,30.66301575091575,5.325431518896746,35.29507836538461,5.727604275522995,0.21351286015595453,0.0036696197030173516
26,0.0332552361809815,0.0364021080137363,0.7435166957204628,0.1868259600848193,0.1314507196152944,0.0434639620176016,0.825085318367104,0.94672032487111,0.05327967512889,30.619324999999996,0.06390075,6.047507253561865,7.020896166676794,17.370504743589745,6.529499716955288,30.5042184981685,5.5750444962205785,39.00059991987179,6.114715600859352,0.6488503002810438,0.0068141772204714495
27,0.4791922136411122,0.0519138219849913,0.1432922611563259,0.3256017032175705,0.3549783523830211,0.3132013177541322,0.3318203298628467,0.0236144321559638,0.976385567844036,24.638425,0.046688275,4.702533603870485,5.993158154428277,12.971260064102566,6.146989447738216,26.160865567765565,3.8211792606267885,30.598218990384616,4.636219029878211,0.0641386181789061,0.008484534979975936
28,0.2649532341491704,0.0011993511018856,0.6117595830019036,0.1220878317470404,0.4847338583543298,0.285364884786047,0.2299012568596232,0.0039750987788763,0.9960249012211236,24.2512,0.045232225,4.470013567779036,5.683851334548764,13.534440205128206,6.040242669259219,24.92919990842491,2.6747096862900523,30.355968750000002,4.476273413911966,0.6839045835704183,0.006035310783656909
29,0.8526841126700361,0.0734479398663851,0.0606225022581276,0.013245445205451,0.2241710971817985,0.5274500636605112,0.2483788391576902,0.0042420767900843,0.9957579232099156,23.310475,0.046130375,4.094770343499792,6.0695772416043825,8.233330230769232,2.6099551101761955,26.68892097069597,3.8565147544012066,29.77750528846154,4.130651072708701,0.09630180268826288,0.00629553914869932
30,0.259135050815748,0.3531134315043435,0.1294937762479857,0.2582577414319228,0.4658265892164851,0.2212777813395029,0.3128956294440119,0.1601103194491169,0.8398896805508831,24.7181,0.047046175,4.622670098355575,6.048394126030048,12.863967846153848,5.736859493678086,25.40252326007326,3.1757438357758416,31.528028365384618,4.851586022593744,0.04448225025097669,0.007194534302580929
31,0.1080511401188299,0.2971027895577364,0.2290734012805541,0.3657726690428796,0.6033567008459623,0.0912207981311944,0.3054225010228432,0.0608692662267223,0.9391307337732776,24.492925,0.0448425,4.358371034084,5.2099502056535,14.753236576923078,5.605867370171233,24.13877564102564,1.5727398752055215,30.890091185897436,4.639325613826687,0.0008465988946563215,0.00837202895922939
32,0.4456832661310563,0.2291780762444356,0.3117688294395766,0.0133698281849313,0.399236758903595,0.1737932806924247,0.4269699604039801,0.9394577125726682,0.0605422874273318,27.019725,0.057393299999999994,5.586759965440199,6.985293571450076,11.262310461538462,7.202552142726592,26.563471336996336,4.437828281320834,37.26727868589744,5.759780833917452,0.34539404811046537,0.006156363828742346
33,0.1064914176759664,0.1781217344163647,0.2326371491515973,0.4827496987560715,0.4640991528676945,0.328058391252762,0.2078424558795435,0.1009078826217861,0.8990921173782138,25.758175,0.047736875,4.978462101448783,6.025156673393123,16.273103307692306,5.825684172282221,25.77888315018315,3.659055732505108,31.668238060897437,5.040382331893155,0.0,0.009387745552549434
34,0.1655568646042515,0.0664721923936232,0.0012340423413791,0.7667369006607461,0.88694517782507,0.1084144620253946,0.0046403601495355,0.5436697525049614,0.4563302474950387,26.02815,0.04894045,5.119693681167093,6.525819342677287,17.94978394871795,5.8189219802994385,22.05255045787546,,34.555798157051285,5.435980960589342,0.0021836949820074063,0.01697675904827567
35,0.4296061406579251,0.0152891743649723,0.445949428647281,0.1091552563298214,0.1640408153139234,0.359063865108259,0.4768953195778175,0.3502699787701742,0.6497300212298258,26.65005,0.05366195,5.484328217099671,6.724931655919187,12.822454448717949,6.740095714854555,28.753990934065932,5.003198184914436,33.4512735576923,5.46930675780493,0.3619401189937059,0.006456876561891119
36,0.0332599392558041,0.4859624286639109,0.4684977428123582,0.0122798892679268,0.8267645276881688,0.0918230552426411,0.0814124170691901,0.9054185605128138,0.0945814394871863,25.5815,0.0518898,5.056095872612593,6.909772643963031,12.814442102564103,5.7234361743449025,22.19770247252747,,36.521739503205126,5.539827593292226,0.026469460039164526,0.013053710222072386
37,0.0278101150224074,0.0924128527918225,0.6844322107291931,0.1953448214565767,0.2239738930109341,0.1674478418930411,0.6085782650960245,0.1606484909241016,0.8393515090758984,26.975025,0.051574850000000005,5.412538580694499,6.453006418514448,16.130527179487178,6.132098001767723,28.36436932234432,4.88173380748402,32.53713661858974,5.3769239998846174,0.36513921661486487,0.007815914320765083
38,0.5919276540049726,0.3209504981611248,0.0809900502330877,0.0061317976008148,0.1769934920296244,0.5278862932192403,0.2951202147511353,0.9679743720793492,0.0320256279206506,27.626525,0.060121350000000004,5.747533676347701,7.043823866695956,9.843796858974358,11.140633891863517,28.857726556776555,5.184774598344432,37.66342892628205,5.847582050825031,0.13014844639019343,0.005419386442088588
39,0.2891982494514921,0.0195374683649155,0.0666829210677474,0.6245813611158448,0.0527009855007467,0.3438305146828151,0.6034684998164381,0.0100892886739895,0.9899107113260104,27.541425,0.052146475000000005,5.540977283640647,6.413600810724715,16.951994884615385,6.136728490888298,30.230826282051282,5.306223425543503,31.806532131410254,5.36500424912876,0.32164596768951553,0.008708258769169594
40,0.4388164571608843,0.0163986423378392,0.404382139462072,0.1404027610392043,0.0390015434047267,0.2413863470842979,0.7196121095109752,0.1904396678184401,0.8095603321815598,26.6541,0.053004075,5.427659592941192,6.556517986925008,12.92620391025641,6.697330730334746,29.814624084249086,5.062666220375144,32.46853645833333,5.353996354538923,0.23920410922730118,0.007387898193899724
41,0.1459766231424553,0.3334814697013892,0.1540284724758801,0.3665134346802753,0.0686927785658667,0.2984475781759848,0.6328596432581485,0.9582383225875792,0.0417616774124208,30.50725,0.064041625,6.02789698960539,7.027862406567297,16.004384538461537,6.372773393831375,31.145581776556774,5.70706843497003,39.01297740384615,6.103067982395801,0.666096275922205,0.004433314629270595
42,0.0666868418539526,0.4783343617416936,0.0705270106101134,0.3844517857942403,0.8533821685575395,0.0686829941447702,0.0779348372976902,0.5131388506060828,0.4868611493939172,24.783749999999998,0.04720155,4.518765454398158,6.236118813221731,14.442535333333334,5.469104314839049,21.853418956043956,,33.81103036858974,5.202814911451581,0.0,0.011977823321836376
43,0.1211460322762123,0.1716950181416573,0.441969087075568,0.2651898625065622,0.1365144887303403,0.4366000379827952,0.4268854732868645,0.9609500436055596,0.0390499563944405,30.2746,0.06356515,6.065979738744194,7.101382120807617,16.331195256410258,6.4747726279697195,30.364336263736263,5.766317297965794,38.91072091346154,6.08844936863304,0.4821141970173474,0.00578220736488177
44,0.2794309871315478,0.2235917028137707,0.0947197465940131,0.4022575634606682,0.0549698063347988,0.7222473726178685,0.2227828210473327,0.7603022726791075,0.2396977273208924,29.542949999999998,0.061404125,5.987004992419048,7.0500985994713705,15.31151805128205,6.420289411185266,30.851412454212454,5.762415789970984,37.292663782051285,5.99272208342834,0.23382259399206207,0.005980886468135372
45,0.4040402549933525,0.0310397117207643,0.4397211744639955,0.1251988588218878,0.1112016987413751,0.0533809595576622,0.8354173417009626,0.5822185789429656,0.4177814210570343,27.926675,0.057572075,5.708433058068409,6.823916379661066,13.367158589743589,6.791023861168704,29.703283974358975,5.183522463195467,35.471790144230766,5.7635919631648145,0.21747175345340206,0.006995932406220467
46,0.5839522198286866,0.2885320222078774,0.1102883578156934,0.0172274001477424,0.2492492863560165,0.0409059038014268,0.7098448098425565,0.6573993421548338,0.3426006578451663,26.200725000000002,0.054916275,5.308074077272733,6.7415003470950134,9.828102871794872,10.024275826227807,27.680711355311356,4.410594997360104,35.13859607371795,5.552149447122312,0.12146632830494589,0.005815249865872624
47,0.1522095339677198,0.0449666224336891,0.1701588853478907,0.6326649582507002,0.5683070913688778,0.1204347016589815,0.3112582069721405,0.8845565513037359,0.115443448696264,28.766275,0.057688975,5.75294303725084,6.892576947788998,18.23087135897436,6.15344736613898,25.909641941391943,4.3724102247051775,37.85043036858974,5.910620213440772,0.0014868716407606028,0.012266094360078101
48,0.1098122286254658,0.4339036700389437,0.0273866272612442,0.4288974740743463,0.7487328425870919,0.186781498044232,0.064485659368676,0.0913366508795034,0.9086633491204966,23.707900000000002,0.042946,3.8299734386186635,4.3622735958554895,14.276344666666667,5.319317889612697,22.421072893772894,,30.72857916666667,4.4273445320170115,0.0007739193068053867,0.011130706749102395
49,0.2932618308674368,0.347605937632679,0.3024999383376433,0.0566322931622408,0.3807712120701724,0.6045505384223058,0.0146782495075219,0.5342099150882278,0.4657900849117722,25.998225,0.052754800000000004,5.260614237407722,6.789521140846669,11.898861974358976,6.3135934438282035,26.521348534798534,4.295795181526216,34.352596955128206,5.45886715845755,0.056834705590584636,0.0057224618251595465
50,0.0037742829564557,0.6594235568721007,0.0532388774010863,0.2835632827703572,0.382634523304218,0.1188877081337348,0.4984777685620473,0.0834728072063904,0.9165271927936096,25.1726,0.047105275,4.665114818094177,5.813821992427662,13.675712012820512,5.376424653402182,26.362306043956043,3.8018538128037833,31.317191105769233,4.850843909676752,0.0,0.010460374322781432
51,0.0039849571752736,0.4535150701720031,0.0943307958169792,0.448169176835744,0.0852957572656628,0.4641377727462468,0.4505664699880902,0.3424572517103798,0.6575427482896201,28.429025,0.05570312499999999,5.663944161148646,6.693869680514975,16.377360551282052,5.984762249627021,30.32299926739927,5.402868368208487,34.3041125,5.712375882259121,0.0004087952193879162,0.01037387565559677
52,0.1512276201921726,0.6004886975762271,0.1213712242884659,0.1269124579431344,0.231655528918203,0.4348644725981871,0.3334799984836098,0.0264563607479196,0.9735436392520804,24.942024999999997,0.047576850000000004,4.755733830221334,6.12788185148737,11.99447714102564,5.494102517681385,27.51103608058608,4.531007815146023,30.78633918269231,4.721974690027585,0.1597363728475036,0.004790951690621611
53,0.2929245324516118,0.4147770919374119,0.1703474529135646,0.1219509226974114,0.2897370761612722,0.0299907557747033,0.6802721680640244,0.6589347325307314,0.3410652674692686,26.9144,0.055218724999999996,5.453817643099577,6.791604408842747,12.18816471794872,6.301391140630747,27.576434065934066,4.685286552052331,35.53898525641026,5.64032712169433,0.13898505536878036,0.005715466202555567
54,0.0800959447378479,0.0201164403866748,0.0194593757377537,0.8803282391377235,0.0966332988875971,0.7286530634937782,0.1747136376186246,0.7872566399790545,0.2127433600209455,31.718625,0.06394607499999999,6.190274145038735,7.0992678464167795,21.27593578205128,6.299232026696345,31.432142307692306,6.09195552155959,38.4960094551282,6.18915198203787,0.0012423362199817576,0.014017842671231764
55,0.1308727935088646,0.3823942196147851,0.2390702979208554,0.2476626889554949,0.7058933432930043,0.2611199853299873,0.0329866713770083,0.740642349222228,0.259357650777772,25.99745,0.05187585,5.243389259025393,6.890770734401281,13.961408243589744,5.848807126164755,23.52771043956044,,35.68099791666667,5.54253982373735,0.0033540755981529584,0.009631510575415598
56,0.3537257461440904,0.1962647194907816,0.430083375348665,0.0199261590164629,0.2269326763310998,0.0975303681947484,0.6755369554741516,0.476830967505863,0.5231690324941372,26.517375,0.053909025,5.368493954410205,6.6825231218218075,12.087991884615384,6.669862834239545,28.02537802197802,4.643268529937346,34.21621746794872,5.504694299165727,0.4643918403712877,0.00498404866455475
57,0.4907034435572096,0.0119563513144594,0.3932680039189268,0.1040722012094041,0.05174407561914,0.1104000372939762,0.8378558870868836,0.629932265002124,0.370067734997876,28.109675,0.05872145,5.754378468064165,6.857905620896189,12.72456917948718,7.07824094920544,30.277565109890112,5.25367212147247,35.8284875801282,5.807237410155899,0.1233609960354715,0.007733308252108881
58,0.5425342173557232,0.1823194540770042,0.1926953207279994,0.0824510078392731,0.1061004906064504,0.1859523224221324,0.7079471869714171,0.8273701661040731,0.172629833895927,28.07355,0.05992315,5.774962430977932,6.948357511479444,11.399840743589744,7.536671464004816,29.76845915750916,5.256040703295256,37.011655048076925,5.856945077255845,0.5175666467251713,0.004642532269158904
59,0.2999365158406191,0.3567784275964146,0.0280506815205123,0.3152343750424539,0.0641446792034664,0.7971364563965199,0.1387188644000138,0.2218426638639731,0.7781573361360268,26.891949999999998,0.05319477500000001,5.537377998913866,6.765886505911672,13.37772621794872,6.1527971418575405,29.816749633699636,5.440305101065388,32.77913525641026,5.420131682134449,0.01872978575393625,0.006157576116141607
60,0.1214940463544833,0.1497771133547789,0.2062101375609409,0.5225187027297967,0.6729224354545121,0.2749023946379726,0.0521751699075149,0.9320320436334136,0.0679679563665862,27.961750000000002,0.05627195,5.659805613788486,6.973630330058829,17.140936743589744,6.068253093555562,24.460108608058608,3.257594832772757,37.78872371794871,5.836614562751546,0.0,0.012613428690339002
61,0.1184892241545789,0.1712584957835073,0.1697757776082967,0.540476502453617,0.0406143141949221,0.9452863244637784,0.0140993613412995,0.8821471408544593,0.1178528591455405,31.1119,0.0646368,6.160294519062961,7.142828327867271,18.074861294871795,6.377976231962335,31.66501208791209,6.022373993036612,38.77612035256411,6.157300689829938,0.2870848168558012,0.006601628257199298
62,0.267922130728791,0.3325339222625288,0.3572257362871278,0.0423182107215523,0.5926840375822146,0.3003306511139509,0.1069853113038345,0.9336717502846382,0.0663282497153618,26.458325000000002,0.0551276,5.503411280794089,7.081441658482574,12.16448444871795,6.386297995611111,24.618858974358975,3.5746894819778197,37.00154751602564,5.692325426088943,0.040080831049846284,0.006827158653844554
63,0.346749101903448,0.5393905377852144,0.0917476551183803,0.022112705192957,0.0732013108775258,0.883848338477029,0.0429503506454452,0.6293920186053359,0.3706079813946641,27.2531,0.057232075,5.683039063575189,7.020216656869284,10.698678884615386,6.979468031323297,29.75032728937729,5.487909089563574,35.414530929487185,5.69756094749142,0.05355266102905556,0.0040676841983670045
64,0.0440711961596421,0.6496156261900423,0.2992547921768722,0.0070583854734433,0.12533338683279,0.6107364589280369,0.2639301542391731,0.0401976977417586,0.9598023022582411,25.489475000000002,0.04918095,5.00275085535265,6.354774497638908,12.008273064102564,5.601501658460901,28.6799184981685,4.923362440431907,31.12359551282051,4.913002847958272,0.28459786840559465,0.004160351293510263
65,0.5081606394338185,0.2775355670340359,0.0342766184889273,0.180027175043218,0.3325736965411184,0.0527592616646,0.6146670417942814,0.1114770650082953,0.8885229349917045,24.308125,0.047078175,4.467154661390002,5.970745299239345,10.907241884615384,6.29331520471343,26.244928846153847,3.564828364995029,30.989036618589743,4.671303225864024,0.03576168406473476,0.0069495939846346754
66,0.066339021572779,0.4862903796977336,0.0290870069011675,0.4182835918283198,0.3937624896440965,0.1106106439095984,0.495626866446305,0.0131521387453364,0.9868478612546636,25.228225,0.04653345,4.670091312662952,5.5811899662844064,14.720768282051282,5.546990699083553,26.238074542124544,3.669276541749773,30.911725641025637,4.761725803080725,0.007691035158762153,0.00856456849975723
67,0.0158825662405442,0.6997167883125769,0.2462628900214503,0.0381377554254285,0.2559059000687534,0.0753518714204256,0.6687422285108209,0.519172083740379,0.4808279162596209,26.79135,0.0538702,5.3091382162587895,6.6418195451372535,12.493868717948718,5.734026595583968,27.995774816849817,4.676330545640743,34.67343253205128,5.546055523243287,0.010407291803222469,0.009163165528659395
68,0.00046122773408,0.3285419941041556,0.3061580878499897,0.3648386903117747,0.1756015565447081,0.0281048536169904,0.7962935898383016,0.1086273836056574,0.8913726163943425,27.093099999999996,0.051277025,5.343234118391874,6.292210175437221,16.19857,5.921337323561204,28.929143681318685,4.925049128830381,32.295568028846155,5.335417883270745,0.0018296310627699186,0.010308116590945876
69,0.2981344992899016,0.1290409159904502,0.1857381426929563,0.3870864420266918,0.2644861615657756,0.4599406702977767,0.2755731681364478,0.9904393884007492,0.0095606115992507,29.4102,0.061719825000000006,5.968832054366316,7.086168526012991,15.559811512820513,6.447703230036037,28.69058608058608,5.518162254678455,38.69637980769231,6.015239671704057,0.03468807460703924,0.007969243449083212
70,0.0970885548247009,0.3774242725404485,0.442669348830578,0.0828178238042726,0.1273559346657201,0.0146161892518814,0.8580278760823984,0.3199519658355905,0.6800480341644095,27.092875,0.053650425,5.384423306310761,6.515961108555438,13.69150755128205,6.129606691673785,29.27252142857143,4.892068441028577,33.561500881410254,5.493749665954673,0.6973852575387299,0.0047562186770614525
71,0.5766443251804528,0.2999716004487508,0.1216509086294348,0.0017331657413616,0.0335957320590098,0.026998458140593,0.9394058098003972,0.9725109593758878,0.0274890406241121,28.4695,0.062049775,5.819067905668293,6.96441848480493,10.227490064102565,9.430147033354375,30.518264652014654,5.30355458653827,38.07810088141025,5.930726782541558,0.2833043888750221,0.0029048905613050873
72,0.1382177303690963,0.110963195450727,0.1957139450359938,0.5551051291441829,0.1293320380813599,0.6149461593698221,0.2557218025488179,0.3982950795834279,0.601704920416572,28.8303,0.056699625000000003,5.810808315626768,6.826657594610542,17.645333512820514,6.193013554983779,30.01234184981685,5.527762962186442,34.78659631410257,5.805546795883726,0.008954339335232972,0.007584439268366398
73,0.7708564031277176,0.0893419341306538,0.1078969508427085,0.0319047118989199,0.6421752394035013,0.274914561193074,0.0829101994034247,0.6148541227442389,0.3851458772557609,23.875100000000003,0.049225625,4.543961679468848,6.802785265131723,8.895869217948718,,23.23263782051282,,33.79927235576923,5.151949568110011,0.015813199430884824,0.010483569261479865
74,0.4485386687068621,0.0730414363532723,0.2682786366965388,0.2101412582433268,0.4399049782556339,0.5217366185857797,0.0383584031585863,0.0541678617340239,0.945832138265976,24.154600000000002,0.045934825,4.610183923593442,6.2313337424323,12.300224333333334,6.192702885219288,25.297486538461534,3.5815402475184728,30.56360256410256,4.551631700323033,0.2920933576150941,0.007157768632012645
75,0.0523563567768085,0.0100863139232026,0.059765860896344,0.8777914684036449,0.4311090341572091,0.3264542010165546,0.2424367648262362,0.5414424657403676,0.4585575342596324,29.032049999999998,0.055748549999999994,5.7839006750421555,6.791560812120815,20.64759730769231,6.07051260451171,27.232415476190475,5.144018777367383,35.84695432692308,5.850101797383623,0.00045230090977362687,0.015054261146610603
76,0.1303127495121067,0.3950015452835156,0.0936466375868288,0.3810390676175488,0.0009977597509388,0.4851542100800347,0.5138480301690266,0.5678215524058793,0.4321784475941207,29.243975,0.059440225,5.854886573247123,6.885548858563074,15.511627935897435,6.211547520573621,31.322823168498168,5.614668072713721,36.00773950320513,5.903903800497471,0.28632762723178246,0.004887984159576545
77,0.1593765576779578,0.4729959070730836,0.3430814198228461,0.0245461154261123,0.6984771570065808,0.2090001586928305,0.0925226843005887,0.9086649664824232,0.0913350335175766,26.00945,0.0535871,5.195948556521938,6.8875965057436535,12.168136461538463,5.960551997724929,23.645778754578753,,36.72849703525641,5.61138772621704,0.009543134458818077,0.008060451182539775
78,0.0096715599811327,0.0580285042265032,0.1139234068001185,0.8183765289922454,0.1610505896032076,0.0917514307703057,0.7471979796264867,0.8652712752888811,0.1347287247111189,31.6887,0.063809925,6.087265971793105,6.960016774735358,21.337582628205126,6.275662807503639,30.692409798534797,5.721913930481944,39.02987107371795,6.178164960807567,0.006263378414392723,0.014336696258385318
79,0.299164834934277,0.2961872222047365,0.3016744994380565,0.1029734434229299,0.0969116992487647,0.0770363889037114,0.8260519118475238,0.971248518851407,0.0287514811485929,29.3369,0.0626435,5.9001381444788255,6.982859902211824,13.184414243589744,6.735542614128243,30.361557051282055,5.407302571225002,38.535606009615385,6.004893061602971,0.2731503986583351,0.0038966522173516705
80,0.300593037959091,0.0675194263343926,0.2153857331615611,0.4165018025449549,0.1664508203742707,0.6195978019252706,0.2139513777004587,0.8196688197530279,0.1803311802469721,29.462200000000003,0.061148049999999995,5.992213873285773,7.069750229760752,15.972002243589746,6.463081371200831,29.748675915750916,5.684630221501067,37.64289238782051,5.995519563387136,0.6231430470082081,0.0074134327641882485
81,0.3581629516047899,0.1816982874088446,0.3631663555550481,0.0969724054313173,0.7412193210334415,0.2440002533668556,0.0147804255997029,0.5501361399357046,0.4498638600642952,24.3995,0.048345599999999996,4.66307978001945,6.67631640752198,11.954851166666666,6.130496345674573,22.60205347985348,,33.75023645833333,5.191077948782658,0.03166729149516801,0.007485850987982088
82,0.3047111123932757,0.5697635304105543,0.0887173965970899,0.0368079605990799,0.3628339360321165,0.402794572620288,0.2343714913475953,0.9536614547453433,0.0463385452546566,27.232275,0.0578785,5.621902112411699,7.039027269840469,10.943875423076923,6.576758136119064,27.157623626373628,4.904950855426507,37.4778907051282,5.786556087738424,0.04849048070361364,0.0065278537517809735
83,0.1382596332253506,0.3160276057711068,0.4935935513797617,0.0521192096237808,0.1770422629485368,0.3475965368846619,0.4753612001668014,0.4004752309902638,0.5995247690097362,27.088375,0.054268125,5.529387195866051,6.766706943802221,13.473681794871794,6.2790820130552385,28.89682326007326,5.143387551075401,34.01517956730769,5.558333094853517,0.6688790557295499,0.004616887465109356
84,0.3833076215667612,0.1039020328984941,0.2734237717630648,0.2393665737716799,0.5378471279203111,0.0146810506312905,0.4474718214483983,0.862835056077377,0.137164943922623,26.9724,0.055577325000000004,5.4269101544668725,6.797742376641909,13.562005794871794,6.397470608189949,25.266337728937728,3.0761564095254337,36.84667820512821,5.717520014998587,0.01746445235835049,0.00863122379069882
85,0.3128126914940191,0.4625172802284523,0.0058870639395248,0.2187829643380037,0.2598140931854453,0.6796873920251102,0.0604985147894444,0.9469783092154338,0.0530216907845661,28.280575,0.059910475,5.845418171068821,7.109023618341182,12.634975333333333,6.410137667404494,28.487514652014653,5.502776526677742,37.877979807692306,5.8987913422295,0.06336153487533458,0.00755414929664691
86,0.1967663440740809,0.109400857164424,0.1692554440000659,0.5245773547614292,0.0495536053399061,0.6120291534937471,0.3384172411663468,0.2654029190007649,0.7345970809992352,28.421274999999998,0.0555727,5.7684628057747105,6.772208100506712,16.8999455,6.207156550024603,30.541964835164837,5.568769388756667,33.76653493589743,5.697609808676306,0.4932008192523087,0.006814558809854001
87,0.1518083116151378,0.7000324195753683,0.1150804603512441,0.0330788084582498,0.0586226007721215,0.9374462326435192,0.003931166584359,0.6541399769720406,0.3458600230279594,27.770525,0.057998925,5.732985400973843,7.031471471634616,11.60615169230769,6.184174585180525,30.089989102564104,5.591250061618795,35.84372099358975,5.764248417791205,0.1978997481557272,0.0042133738977820955
88,0.0692369987729495,0.1577155817244986,0.6312609914310691,0.1417864280714828,0.6025751059164802,0.1238768256414872,0.2735480684420324,0.4963421862045159,0.5036578137954841,25.929925000000004,0.05053415,5.154740776634624,6.626060791139921,14.893291025641023,6.0038532058199205,24.395218131868134,2.353893445277981,34.170665544871795,5.40827700830595,0.04964482245666631,0.009103169960968395
89,0.3742509630436856,0.1147222274811477,0.3952749316840073,0.1157518777911593,0.2876168070389979,0.1474237232556962,0.5649594697053059,0.4255287117589353,0.5744712882410647,26.3596,0.0529269,5.343960343176863,6.657131929112527,12.78534135897436,6.524912611768424,27.513785531135532,4.5449282827502575,33.83359967948718,5.458414294941011,0.9609336365611217,0.005444626721838698
90,0.841398101859341,0.0528917308747565,0.1003113794916472,0.005398787774255,0.2561585036231112,0.4577910500910606,0.286050446285828,0.180426137419462,0.8195738625805379,23.905075,0.048236875,4.570125113689692,6.459750562921166,8.453441192307693,1.4048360655190868,26.70696336996337,4.013960567224943,31.110668830128205,4.695667824384675,0.2524479232574613,0.006612769168326565
91,0.0697271165480031,0.2813038173575862,0.4813507282567186,0.167618337837692,0.6515574682672797,0.0720569926677525,0.2763855390649676,0.8844235328469274,0.1155764671530725,26.940575000000003,0.054634225,5.475267896369222,6.950582000878055,14.746439756410258,6.05709174939815,24.142169963369962,2.4262971021417297,37.0104766025641,5.715898712450968,0.03462135139388394,0.010994518611494515
92,0.0251965317208966,0.07811138356396,0.0093447430539943,0.887347341661149,0.670735747600337,0.2422176201818149,0.087046632217848,0.3375143969673014,0.6624856030326984,27.086199999999998,0.049904475000000004,5.279141070199652,6.278851028513927,19.965906897435897,5.8590183646755385,24.518544871794873,2.6429962604225326,33.78310184294872,5.486605032373377,0.0,0.016852668606463728
93,0.2954537289771738,0.0637421547203996,0.2653179905774507,0.3754861257249759,0.3288603225874167,0.6253098547384407,0.0458298226741425,0.9228093340239768,0.0771906659760233,28.986549999999998,0.06037312500000001,5.942610644589359,7.102331984920108,15.671269653846153,6.447309189731829,28.10403324175824,5.480544505993371,38.080790544871796,5.9678001662517275,0.05618364029012828,0.008222012262332275
94,0.2109623321613337,0.3535738286655885,0.1424199635304134,0.2930438756426643,0.2443299031996625,0.028526508471277,0.7271435883290605,0.3612972532935658,0.6387027467064341,26.848725,0.052872449999999994,5.310421904724634,6.47864674617453,14.012590346153846,6.031720809003477,28.169854945054947,4.6161872456532,33.71536306089744,5.476512272109695,0.061847636104731624,0.00607332547277221
95,0.0647460000080874,0.1292279710203964,0.3250713193500987,0.4809547096214173,0.1656492139673167,0.7827231937076619,0.0516275923250212,0.5523077503321202,0.4476922496678797,29.28365,0.058450524999999996,5.944078808519145,7.007356678600403,17.863078205128204,6.235574858407893,29.845677197802203,5.764859392938199,35.92978133012821,5.91109868088403,0.11625279368893444,0.008359870570826267
96,0.197120151633993,0.2744194017348781,0.0367967150062722,0.4916637316248565,0.0082638533017657,0.6939367762201162,0.297799370478118,0.5606235856123818,0.4393764143876182,29.441450000000003,0.059708775,5.925002981834414,6.94728449581291,16.247882166666667,6.256466509256302,31.329000641025644,5.737034670962394,36.035823717948716,5.931576273210798,0.05687175314875602,0.00633483704986711
97,0.7825214059835053,0.0743967604868264,0.1206720755384972,0.022409757991171,0.6441063018798129,0.0267182420064564,0.3291754561137306,0.2538802977132791,0.746119702286721,22.469025,0.044241850000000006,2.9926672485989343,5.708876997881653,8.544322743589744,2.3137826772691854,22.688270054945058,,30.98019655448718,4.3547226098138685,0.03598439298446149,0.008717538247044038
98,0.3808770465630298,0.5044984953632737,0.0334359626826277,0.0811884953910687,0.6419842897396091,0.3045652090834064,0.0534505011769844,0.4729368378186619,0.5270631621813381,23.999374999999997,0.047715175,4.2486132351996275,6.392736742334072,10.250684602564103,5.454223759346429,23.40915448717949,,33.10874350961538,5.036327698359261,0.042263659542956536,0.008540814650531239
99,0.1758990989041064,0.0039682787337992,0.014111128946025,0.8060214934160693,0.2609973791891017,0.7364622300606817,0.0025403907502166,0.2538870509744962,0.7461129490255036,28.200475,0.053611775,5.744972356843913,6.7783490597140394,19.029153038461537,6.077368722861545,28.554383333333334,5.531761372857202,33.62289174679488,5.648801596291079,0.0004136277642785909,0.016196293270573446
100,0.3321757308601069,0.3371649462321784,0.0759837618889151,0.2546755610187995,0.1560466533641725,0.3946031102783841,0.4493502363574432,0.1387153987178993,0.8612846012821007,25.895100000000003,0.050473250000000004,5.126187400764162,6.37335246194852,12.682528243589744,6.072148337645276,28.509164926739928,4.76401480098488,31.865707451923072,5.121642457655556,0.05290806786132807,0.005746091400137179
101,0.4324525161325535,0.0569872197227073,0.3746992442874274,0.1358610198573116,0.4919031732794742,0.1081394184180987,0.399957408302427,0.0880740681771892,0.9119259318228108,24.03775,0.045734399999999995,4.362655441236212,5.82864517242292,12.123992730769231,6.227704187966451,24.88816556776557,2.541080574646586,30.739753685897433,4.574526444612708,0.7847303741252516,0.006046883445355476
102,0.3212446765079192,0.6251673005954959,0.0166160488084692,0.0369719740881156,0.0340342216862575,0.9618377099144362,0.004128068399306,0.973546882385957,0.026453117614043,28.74975,0.062419825,5.9402248502959845,7.152422081597121,10.882570551282052,7.0609582258172185,30.679482142857143,5.750764995570519,38.22816554487179,5.963813137658493,0.03874036337894364,0.00396751106906542
103,0.0042133373693397,0.1252581626862928,0.8530734086270415,0.0174550913173259,0.3410092740917557,0.5911449526734608,0.0678457732347834,0.1524897629213198,0.8475102370786802,25.887674999999998,0.049495425,5.217940132144753,6.526693102910804,14.821374423076923,6.1052829188982285,26.79467371794872,4.539780838265102,32.01050817307692,5.157984326271725,0.0023254199170033387,0.013948496899360893
104,0.2101452100007902,0.1062637633659062,0.1878490821274997,0.4957419445058038,0.5486887488593672,0.007151970995076,0.4441592801455566,0.7512870052220565,0.2487129947779435,27.622275000000002,0.05507255,5.587683342212417,6.839183116988973,16.432448089743588,6.109987814974021,25.498985989010986,4.0198552908991285,36.473726041666666,5.749593296955699,0.009941754573436695,0.010450049664058289
105,0.2206928454148709,0.1651946042387901,0.5626643827346722,0.0514481676116665,0.1059603488364731,0.0526717383797376,0.8413679127837893,0.001847142299706,0.998152857700294,25.879475000000003,0.049727125,5.12521499600926,6.200398725414539,13.250076179487179,6.261493093881474,29.001912637362633,4.800914027887363,31.040723637820513,4.966854976694736,0.19243335959765256,0.006142391604515446
106,0.4168730953350179,0.1837268179843712,0.1041301020114955,0.2952699846691152,0.1752916343059676,0.8012936345349019,0.0234147311591305,0.1332178441616462,0.8667821558383537,25.832075,0.0504309,5.272902016131107,6.617713183447099,12.965480923076923,6.247906187472311,28.22663791208791,5.034029404414272,31.778436057692307,5.125791226618644,0.059274735030108654,0.007467168214438819
107,0.0286673581275891,0.4770009607849484,0.0886495540257695,0.4056821270616929,0.0985065382178603,0.4162682159214932,0.4852252458606465,0.916096011780425,0.083903988219575,30.374125000000003,0.0631338,5.976502986416923,6.9996577612275175,16.374834435897437,6.20382977998384,30.828486263736263,5.657262274912109,38.726140865384615,6.078706719289964,0.004004361758203666,0.008180111742281258
108,0.0052776589392352,0.0067350210524465,0.5710168963595595,0.4169704236487586,0.4352799881510472,0.2697194610803888,0.295000550768564,0.8552491907084082,0.1447508092915917,29.29345,0.059092425,5.873316501836911,6.976530786404179,18.59005694871795,6.261512631182383,27.10938836996337,5.040588591018538,37.89412828525641,5.969985715262341,0.0,0.01916197080675767
109,0.157042334402986,0.0492699190624941,0.2941089913377852,0.4995787551967348,0.2595408332490075,0.5512180727258785,0.1892410940251138,0.8804542156665932,0.1195457843334066,29.982375,0.061630649999999995,6.008273403369865,7.055385169028709,17.795290166666668,6.349931602168483,29.17506282051282,5.62308594652983,38.30566177884615,6.04625513902953,0.2744580329683267,0.008315275338837594
110,0.8390849435715887,0.0287871500141459,0.081471896319379,0.0506560100948861,0.0175965127459247,0.7883960891512476,0.1940073981028276,0.6383195094952966,0.3616804905047033,26.926925,0.057808675000000004,5.753622585159363,7.045395824539662,9.407015717948717,,29.96362142857143,5.435142789944029,35.21977892628205,5.68438722985295,0.7817463549593211,0.006527887651495239
111,0.0823704557784204,0.1246465969405648,0.2025728669575482,0.5904100803234665,0.3870002337099608,0.3983627219847652,0.214637044305274,0.3277988147547316,0.6722011852452684,27.467325000000002,0.05237765,5.533161139706806,6.639576990537307,17.811663602564103,6.001563727810809,27.127942673992674,4.887930968964427,33.79914487179487,5.561039297197489,0.0,0.010421214492030241
112,0.1935391628053726,0.285218004301561,0.2067737178194532,0.3144691150736131,0.524080621374351,0.2457883560956112,0.2301310225300377,0.702486085067073,0.297513914932927,26.864225,0.05394017500000001,5.428436353945264,6.824561158289549,14.510209166666668,6.036399225778737,25.44552747252747,3.8189499111374747,35.82683108974359,5.639988763980465,0.013452642731958397,0.008771311369856542
113,0.0249679198291173,0.2205500469129865,0.5820612274013495,0.1724208058565468,0.0910229271288405,0.1013839677010282,0.8075931051701313,0.6555890236066648,0.3444109763933351,29.355625,0.059854625,5.858988897522442,6.8766062709941895,16.12347014102564,6.354499312706795,30.48019478021978,5.437735432284133,36.641690625,5.935761709370238,0.5171624363347802,0.007075086046073381
114,0.0800497685198952,0.517948154571549,0.3305568740728618,0.0714452028356938,0.6072606120879336,0.2872581944263498,0.1054811934857167,0.8867307092901894,0.1132692907098107,26.578375,0.054583625000000004,5.392295464577918,6.965238011632685,12.927812346153846,5.910000000011638,24.59172261904762,3.0483201431193825,36.848212099358975,5.668930489646974,0.011957976953858395,0.009498946580172732
115,0.3719925563923381,0.0170021347963983,0.4602791643519607,0.1507261444593029,0.127859765917583,0.3930281012872804,0.4791121327951363,0.3305648010370646,0.6694351989629352,27.0905,0.054341025,5.538487565344056,6.693741229905405,13.595643897435899,6.6036262146021825,29.353773260073257,5.078058913704829,33.544419471153844,5.531770582252308,0.3950628417661398,0.006278712808846092
116,0.1777583005128582,0.110170544923285,0.1934260938141453,0.5186450607497115,0.2938968456578896,0.5527147927237863,0.1533883616183239,0.9949606621567744,0.0050393378432255,30.121425,0.06251255,6.015396447866204,7.076350287284913,17.506765128205128,6.342834279446934,28.901944139194143,5.5817133527224465,39.072654967948715,6.075059486383012,0.011201171735641299,0.009092087996325651
117,0.2027316483722308,0.211884370551988,0.0246777869336451,0.560706194142136,0.6589114176486451,0.0530752103024588,0.288013372048896,0.588585064854462,0.4114149351455379,26.42165,0.051319149999999994,5.222378489719143,6.59999793890844,15.995765666666667,5.88034288296707,24.091830219780217,1.7809844653964666,34.976479246794874,5.513687539559288,0.010075607493453534,0.012623672425251146
118,0.0270174185190176,0.6064431000701112,0.2678309737855731,0.098708507625298,0.0423081076104542,0.059467672840581,0.8982242195489646,0.71961264608088,0.28038735391912,28.95615,0.059946675000000005,5.76193221314491,6.849379750068295,13.710769717948718,6.180115691381279,30.80800155677656,5.386823391199128,36.864194871794865,5.90127488871092,0.3084738527352624,0.005173661768335168
119,0.0037471132737474,0.1855400122349865,0.1953120135323172,0.6154008609589489,0.1005296730992256,0.4948789056722223,0.4045914212285521,0.1165932885392178,0.8834067114607821,28.346850000000003,0.053580825,5.6718394231550695,6.576343734359296,18.55365694871795,6.0352762032755845,30.183443131868135,5.467481556609111,32.86058894230769,5.588013449197273,0.0016850184262371445,0.011225374615541338
120,0.2258767200530229,0.6281947148131395,0.1388428618850138,0.0070857032488236,0.0159235730111651,0.4189427200463227,0.5651337069425121,0.7099876184908586,0.2900123815091415,28.112650000000002,0.05920302499999999,5.71292029401286,6.917504935482231,11.345262128205128,6.5240267207459945,30.660096978021976,5.410589251049004,36.36327219551282,5.818040783574173,0.5325139430608837,0.003016094190023952
121,0.2033825267378648,0.0418214294200731,0.5000343798699733,0.2547616639720886,0.8282793730868732,0.1012138830542334,0.0705067438588933,0.5534440308390752,0.4465559691609246,25.1041,0.048624024999999994,4.8490994335272,6.537810537431563,14.731764679487178,5.9572436120684715,22.166246703296704,,34.157452724358976,5.303394302872947,0.025704958011251333,0.008725745923151843
122,0.1414698078673749,0.6577167602346712,0.0682696633413745,0.1325437685565794,0.02713649683888,0.8268645830801034,0.1459989200810165,0.6102687437956866,0.3897312562043134,28.16,0.058309125,5.7352633100529165,6.948043107798154,12.558746756410255,6.128475746895007,30.6168065018315,5.542411574800836,35.76108100961539,5.7943740936754375,0.1758567477564643,0.004408852486320013
123,0.2026435815787035,0.117505025476238,0.0811067862241613,0.5987446067208971,0.4297640031405198,0.3978671071718148,0.1723688896876653,0.8790216225677251,0.1209783774322749,28.997325,0.058878975,5.872624134390414,7.021209292208068,17.41088330769231,6.199119220204365,27.142312637362636,5.263665356339709,37.86195256410256,5.942785850755709,0.005632840727979177,0.012326979591270269
124,0.3857026988477598,0.50341414835159,0.0444398150637967,0.0664433377368533,0.0140268425982532,0.3884946275352315,0.5974785298665152,0.6318675610910133,0.3681324389089866,27.646325,0.058004475,5.6399157697801385,6.861020264487167,10.948546012820511,6.937433566007523,30.443086538461536,5.304145026793839,35.63529463141025,5.739793581139165,0.13070632850809857,0.003519399281500071
125,0.009248537954141,0.0086846641867918,0.7907805729074893,0.1912862249515778,0.1392765871108821,0.6556257600555288,0.2050976528335892,0.8809841739960746,0.1190158260039254,30.47925,0.06339397499999999,6.111473738877834,7.129612780315962,17.674675525641028,6.525729233985059,30.453798534798533,5.822637749775693,38.504454166666676,6.103660669528108,0.032880916905833356,0.012354658590769901
126,0.5471622217299572,0.008315362207449,0.0057938946134987,0.438728521449095,0.1077375251811629,0.0693480660874518,0.8229144087313852,0.1816903489035833,0.8183096510964167,26.659725,0.052314475,5.367817727749669,6.429817024260793,13.7390905,6.426210619983022,29.27824148351648,4.92272601413472,32.44391033653846,5.333327516674676,0.06314744142638191,0.00963201162603116
127,0.4878433848053669,0.1654133374846377,0.3451389805826737,0.0016042971273217,0.0545374297631261,0.8831370040304103,0.0623255662064634,0.9322237352312518,0.0677762647687482,28.73025,0.0623852,6.00601956424975,7.170565223354045,11.623847743589744,7.676032032976224,30.44889688644689,5.729171141869873,37.91797099358975,5.965231624813091,0.05662680800463107,0.005685091521155566
128,0.6262316302781962,0.0900891953737586,0.0669477841054332,0.2167313902426119,0.0148350155774047,0.5744259557600039,0.4107390286625914,0.9203556997333786,0.0796443002666214,29.042299999999997,0.0627681,5.977610899209244,7.071325572590537,12.10357917948718,7.417067064267682,30.9162923992674,5.617428107530508,37.989282932692305,5.988439148835831,0.8036809819696327,0.00544364008119459
129,0.0473582038719343,0.1413733755668653,0.8077989378820352,0.0034694826791652,0.2202511540103926,0.7165408459926373,0.0632079999969699,0.0944282987646715,0.9055717012353284,26.1496,0.050259375,5.351428802109077,6.608790293748036,14.46981208974359,6.205873446615847,28.12859706959707,5.04712803515011,31.71786858974359,5.170975340100242,0.6312546779569015,0.0055028433788920535
130,0.2626993495182423,0.1169925763388305,0.1288525570226387,0.4914555171202884,0.3894271719737037,0.5827777096901663,0.0277951183361301,0.1217282326692846,0.8782717673307154,25.77175,0.048564825,5.117012416266193,6.3432252225797345,15.441629897435899,5.940041698021606,26.312650183150183,4.294684818203834,31.754845352564104,5.079688005257054,0.010150325175699783,0.010587221827719881
131,0.3632342425509073,0.0579419742289977,0.4557733113726869,0.123050471847408,0.0378664754419382,0.6577541572592858,0.3043793672987759,0.5433156183705161,0.4566843816294839,28.227925,0.058339475,5.843715246531949,6.969441121747282,13.63263794871795,6.779937156960636,30.52632967032967,5.546599102882249,35.33886586538461,5.802613061583529,0.18125027695962476,0.006678994600754092
132,0.8331675298794129,0.143068782781784,0.0186050323964114,0.0051586549423914,0.1898762676740399,0.2190123515507041,0.5911113807752559,0.008586166105853,0.9914138338941468,23.557525,0.0467375,4.1514463953339815,5.924323061936933,8.08148214102564,3.3217106891272317,27.319054945054944,3.938562455891085,29.938663221153845,4.239564298251834,0.29684122382932,0.0055858218873972906
133,0.2385274669246208,0.2402607034686173,0.3127610080096099,0.2084508215971519,0.4286677956483316,0.1839719188453107,0.3873602855063575,0.6250372283248555,0.3749627716751444,26.863225,0.05415062500000001,5.442758329109258,6.784839574323714,13.864255,6.2010464496791045,26.478091666666668,4.334245917399716,35.32463285256411,5.622310075562583,0.0604669139629127,0.006805987459464863
134,0.3427866612327183,0.5672133426727548,0.0351252723879978,0.054874723706529,0.8328149326483882,0.0269310438484693,0.1402540235031423,0.3390913524675037,0.6609086475324965,22.514325,0.043274875,2.7734232736245152,5.442293924918155,9.777357615384616,,21.191500915750918,13.757659085679448,31.632323397435897,4.503029529391662,0.04859839763338169,0.007929047299321531
135,0.3160489835179926,0.0128363112941572,0.6635553879079928,0.0075593172798574,0.0465208059234469,0.242626954070005,0.7108522400065482,0.169804113386757,0.830195886613243,26.653025,0.0528264,5.4311793445062175,6.55971211790993,13.151565743589742,6.675815871078563,29.7693326007326,5.0608743434101235,32.364625881410255,5.341636782050487,0.03982592428254178,0.00773828649425406
136,0.1818293253157273,0.3876567977508437,0.1833560450717288,0.2471578318617001,0.3333794731044619,0.466883039547975,0.199737487347563,0.4648362026645605,0.5351637973354393,26.667749999999998,0.053024475,5.41858601490792,6.777267477488469,13.75257837179487,6.011571901631259,27.236689102564103,4.8263392503841684,34.241876041666664,5.5173790755919025,0.02760132807100485,0.007038768488794467
137,0.1227529098517443,0.163801909396326,0.4276199117054141,0.2858252690465154,0.7420909919132358,0.0627751792261054,0.1951338288606586,0.4775094609511501,0.5224905390488499,25.412225,0.048824799999999995,4.858024735302504,6.350348138739676,15.066867102564101,5.862766908757358,23.157439285714283,,33.85103269230769,5.30121559423753,0.022534109561626013,0.009099106845020912
138,0.3285375535416702,0.0557512280195833,0.5340248203030016,0.0816863981357447,0.5608436943089095,0.4103851941049759,0.0287711115861146,0.5716830400841527,0.4283169599158474,25.732924999999998,0.051691875,5.237384798897064,6.8163434979982025,13.006269602564103,6.415375615797385,24.852810897435898,3.150393686432502,34.45711338141025,5.4414693315514775,0.43587351404971375,0.006325349366209996
139,0.2936982355304915,0.6741574602175934,0.0241731099867653,0.0079711942651496,0.0088695320562329,0.0495858374675115,0.9415446304762556,0.4502646402078246,0.5497353597921755,26.870549999999998,0.05519785,5.355380494794717,6.61049111062164,10.423773833333334,6.382215675541843,30.242696245421243,5.015298559756468,34.199150881410254,5.534986685379545,0.1533425787604651,0.0032493392081181143
140,0.072963246810076,0.2910345680456271,0.521612197222247,0.1143899879220496,0.589930491868037,0.0264582866707636,0.3836112214611994,0.540398699176788,0.459601300823212,25.9902,0.051143474999999994,5.166835156254231,6.6488720300664745,14.10919191025641,5.960255950251094,24.787803571428572,2.858716727827157,34.46794631410256,5.442279072776237,0.03899115127577278,0.008483216558509598
141,0.593569820058533,0.0264054622144148,0.2585689642494524,0.1214557534775998,0.2715341099380487,0.1633389916025972,0.5651268984593539,0.5617192842814357,0.4382807157185642,26.349474999999998,0.054287249999999995,5.362116645279096,6.717503750885659,11.540754564102564,7.215981952694265,27.47686327838828,4.394766261055509,34.61840144230769,5.529214862098795,0.6782649346065163,0.006982894541241376
142,0.1881684880824513,0.0342242951587587,0.0036990976093534,0.7739081191494366,0.5261059151655746,0.2119433217192624,0.2619507631151629,0.8136542543069385,0.1863457456930615,28.89495,0.057414849999999996,5.848056597065809,6.9799039247157095,18.83372462820513,6.135994063320514,26.31519862637363,5.112476614514534,37.44060144230769,5.91265088470612,0.0008423550057756285,0.016747215546238512
143,0.2495877780166651,0.2087083808619642,0.0429795056825812,0.4987243354387893,0.4895533481133226,0.2077041524800578,0.3027424994066195,0.3407412538527935,0.6592587461472065,26.0331,0.049937,5.222617908928963,6.565287716165015,15.203072743589745,5.910771073051414,25.56531501831502,4.028540992779381,33.211114503205124,5.318047274253939,0.015657571384456587,0.010696991175075528
144,0.0583684853522162,0.4736044821795755,0.1708785454616452,0.2971484870065629,0.0325483346687301,0.6144097549139269,0.3530419104173429,0.931137788209229,0.068862211790771,30.39825,0.063925625,6.047129543434933,7.085346410594008,15.550094217948718,6.309436393948566,31.409341208791204,5.840232163412126,38.79362371794872,6.09421432831291,0.45943637934652354,0.004906165277058854
145,0.0127561096834346,0.2117090082521326,0.2831819336991305,0.4923529483653023,0.0018865105019589,0.0197997279281407,0.9783137615699002,0.9163665151755694,0.0836334848244304,31.685325,0.06553355,6.079941143396683,6.960690657761241,18.706758820512817,6.365447138925175,32.22615531135531,5.708880790370729,39.32371474358975,6.189010436303811,0.6621378320192632,0.0048574558605802825
146,0.6429673500101071,0.0021509810245089,0.3472941562829333,0.0075875126824506,0.5170900131958017,0.2556995253989776,0.2272104614052206,0.989222627292038,0.0107773727079618,26.4899,0.05676815,5.584267359073554,7.073545224713174,10.706107692307691,8.399107700380224,25.415280677655677,3.906869237084574,37.295020512820514,5.727786068578674,0.40205133398674964,0.007694905418682141
147,0.1610966399254181,0.031793944274177,0.5166391491921117,0.2904702666082932,0.649544091313927,0.1140568103807658,0.2363990983053072,0.2775372033364878,0.7224627966635121,25.2368,0.04761915,4.861152602488613,6.202603136071227,15.367243,5.937174457815602,23.95456822344322,,32.52721810897436,5.111366304849481,0.2524271920425903,0.007854831248673323
148,0.6133461470599336,0.0279774436685482,0.3385247623970772,0.020151646874441,0.1581197487784409,0.5032349065836267,0.3386453446379324,0.2568934960448652,0.7431065039551348,25.4737,0.0515272,5.2142657161504395,6.651742648477001,10.636836192307692,8.069349848495467,28.252453021978024,4.762143927496421,32.31535809294872,5.183646108950181,0.4498017636783615,0.005857945323533096
149,0.0783198929383321,0.439330058279084,0.3867479168139174,0.0956021319686663,0.6099424403128502,0.3842648422938023,0.0057927173933473,0.1965029497769949,0.8034970502230052,24.10305,0.04547505,4.257014915030066,5.928985982179485,12.814943166666666,5.473526480533687,23.69863580586081,,31.51198213141026,4.738059187521101,0.0129213074281934,0.008185222250806853
